booking_id,customer_id,customer_name,booking_type,booking_date,status,class_type,instructor,time_slot,duration_mins,price,facility,theme,service_name,service_type,customer_email,customer_phone
3d1b8bd1-6d92-4764-9942-9806167d5df3,d87071d6-c0f4-43d0-a5bc-c868fd5cf1b4,Customer 48,Facility,2025-06-22,Confirmed,N/A,N/A,Unknown,83.06,56.44,Party Room,N/A,Party Room,Facility,customer48@example.com,001-434-8833
8f0f2078-cbdf-48ca-81a9-c3fd6adae8ee,7fe06e42-caf2-4ac0-ae54-fb43e5c0c4d5,Customer 8,Birthday Party,2025-04-23,Confirmed,N/A,N/A,Unknown,83.06,282.96,Party Room,Princess,Party Room,Facility,customer8@example.com,001-826-6617
5c690e0c-ba14-451b-808f-fa93e9de5969,08ef08e2-f69d-4942-a339-02f8767183bb,Customer 143,Birthday Party,2025-04-29,Pending,N/A,N/A,Unknown,0.00,64.25,Play Area,Sports,Play Area,Class,customer143@example.com,001-877-2354
bd0de5a9-b88c-4b56-b2f2-4c16f762ace0,dad79f56-0347-4ec8-9628-ef1ea1d66e41,Customer 223,Birthday Party,2025-06-12,Pending,N/A,N/A,09:00,45.00,262.05,Party Room,Princess,Party Room,Birthday Party,customer223@example.com,001-343-1354
d9006359-5f98-4ac7-b333-52b5bbd15aee,7bc124b1-306e-4170-afe1-d3d19d42d0c2,Customer 227,Birthday Party,2025-04-02,Confirmed,N/A,N/A,10:00,90.00,105.56,Party Room,Sports,Party Room,Birthday Party,customer227@example.com,001-288-3961
e61b31e2-09b3-4dad-b9a6-9baaec0925b3,0e6122ed-61ed-4f26-8ab7-8c1a1dd84bb1,Customer 230,Birthday Party,2025-05-22,Confirmed,N/A,N/A,15:00,90.00,165.66,Play Area,Superhero,Play Area,Facility,customer230@example.com,001-491-9071
62fe0d01-34f6-45ff-9cf0-e24f969120c9,b65df4fd-b366-46aa-91c3-3e346c5c632c,Customer 451,Birthday Party,2025-05-13,Confirmed,N/A,N/A,Unknown,83.06,103.42,Play Area,Sports,Play Area,Class,customer451@example.com,001-382-1874
e0aa8b3d-f543-4151-8599-63c53e5c85d4,0dd71fb5-b5ea-4101-b795-75e940a378dc,Customer 826,Birthday Party,2025-04-01,Confirmed,N/A,N/A,Unknown,83.06,218.39,Party Room,Superhero,Party Room,Class,customer826@example.com,Not Provided
e04be9cc-0d19-4322-929f-7dbbc79515de,a94b2b0a-0810-4419-aad3-fdb007873cfd,Customer 13,Birthday Party,2025-06-11,Pending,N/A,N/A,Unknown,0.00,198.3,Play Area,Princess,Play Area,Birthday Party,customer13@example.com,001-731-5569
6fe4a4d1-8533-4981-acd5-860b9c381639,7d3d0421-66b7-434a-9357-ea2d222deab4,Customer 6,Birthday Party,2025-05-10,Confirmed,N/A,N/A,11:00,45.00,278.07,Party Room,Sports,Party Room,Facility,customer6@example.com,001-251-7580
c703cdff-a70f-45c2-bc74-2cda4f7dec7b,a217869a-b6e2-4495-92b1-37170f8c4b63,Customer 167,Birthday Party,2025-06-03,Confirmed,N/A,N/A,15:00,45.00,174.09,Play Area,No Theme Selected,Play Area,Class,customer167@example.com,001-781-2565
d99b1fda-e10b-47dd-8435-82e53aaad42f,507234f9-670f-4084-a18c-2e52a2e3fc22,Customer 250,Birthday Party,2025-04-01,Pending,N/A,N/A,17:00,120.00,263.4,Play Area,Superhero,Play Area,Birthday Party,customer250@example.com,001-755-4287
ae3de736-2dcc-4746-89e3-9de61e728816,9261d710-c80d-49e3-a62d-c47f805fcf95,Customer 251,Birthday Party,2025-03-29,Pending,N/A,N/A,16:00,120.00,176.4,Play Area,Superhero,Play Area,Birthday Party,customer251@example.com,001-926-2422
9d0cb027-e643-4cf0-ae87-2fb3550b5950,cd88bd67-f53d-4bf5-9723-0c25be3816e2,Customer 255,Birthday Party,2025-04-02,Pending,N/A,N/A,16:00,90.00,88.13,Play Area,Sports,Play Area,Birthday Party,customer255@example.com,001-154-7506
e98208dc-4745-4334-b5d1-66294de41a19,1d8b8ca1-03a6-4597-a661-c74907e43101,Customer 275,Birthday Party,2025-03-31,Pending,N/A,N/A,12:00,120.00,169.19,Party Room,Princess,Party Room,Birthday Party,customer275@example.com,001-665-7451
d9894a7c-0984-46d4-8fa7-9fc60fd2455d,90d822e3-08d0-4650-a41d-dee61200b9a3,Customer 318,Birthday Party,2025-06-05,Pending,N/A,N/A,Unknown,0.00,194.89,Play Area,Princess,Play Area,Birthday Party,customer318@example.com,001-115-7881
cb595b17-9191-48cb-9623-a89c24460284,69183f10-575c-4de8-8475-e6eb03523c14,Customer 580,Birthday Party,2025-06-21,Confirmed,N/A,N/A,Unknown,83.06,159.03,Play Area,Sports,Play Area,Class,customer580@example.com,001-322-4556
8ff0a443-60c9-4006-b1f9-7961563e37ab,72349a68-43e0-487f-ae08-a3982a6801b6,Customer 611,Birthday Party,2025-04-03,Confirmed,N/A,N/A,Unknown,83.06,159.03,Party Room,Princess,Party Room,Birthday Party,customer611@example.com,001-467-2876
d84de7ae-5089-4fad-95bf-afbe55d8c4a2,dc11ccba-c4ca-47ca-847a-4c02737454f4,Customer 464,Birthday Party,2025-06-11,Confirmed,N/A,N/A,Unknown,83.06,230.35,Play Area,Superhero,Play Area,Birthday Party,customer464@example.com,Not Provided
4f642c32-8ec2-4c0e-89bf-bb90ca49b501,056b0bb9-4c8d-4ee0-b8d4-bcdd3067a0f4,Customer 44,Birthday Party,2025-05-15,Confirmed,N/A,N/A,10:00,45.00,254.36,Play Area,Sports,Play Area,Facility,customer44@example.com,001-215-3495
8aca5068-2d31-4af3-9c46-72d1e62f6ee9,0e5715f6-0e96-4518-89b1-36773480d26f,Customer 481,Birthday Party,2025-04-03,Confirmed,N/A,N/A,Unknown,83.06,122.68,Play Area,No Theme Selected,Play Area,Birthday Party,customer481@example.com,001-294-8176
414962e1-068b-4807-9d6a-41d0e09584d7,ae69b4e5-9586-4a3d-8181-cfcb09cf9f37,Customer 339,Birthday Party,2025-04-02,Confirmed,N/A,N/A,15:00,120.00,207.27,Party Room,Princess,Party Room,Birthday Party,customer339@example.com,001-529-3963
7fbfd73a-ee73-4685-8c68-d384a4151c6b,cd0459d2-8044-42e9-88a4-8555f5deab47,Customer 508,Birthday Party,2025-04-30,Confirmed,N/A,N/A,11:00,45.00,39.33,Play Area,Princess,Play Area,Birthday Party,Not Provided,001-465-3548
702de867-a313-42b0-a698-b28d8b71c474,e5210220-9f6a-435f-8d9e-993d525508fc,Customer 513,Birthday Party,2025-05-14,Pending,N/A,N/A,10:00,45.00,0,Party Room,Sports,Party Room,Class,customer513@example.com,001-959-4363
d3b86cca-68c5-4eee-9161-076325819302,1deebd69-c608-45bd-94ed-d6c133720299,Customer 337,Birthday Party,2025-05-11,Confirmed,N/A,N/A,14:00,45.00,159.03,Party Room,Superhero,Party Room,Class,customer337@example.com,001-982-6158
3bab257a-68d6-436e-83a8-95f38c50ae96,a0754877-cf8a-40b7-a223-517e4964feae,Customer 511,Birthday Party,2025-05-07,Confirmed,N/A,N/A,15:00,90.00,159.03,Party Room,Sports,Party Room,Birthday Party,customer511@example.com,001-140-9421
b5364707-97a4-4ab5-89d0-2d614cf1dcc9,a67cf3cc-d058-4de7-b6b1-864a4aaa2f7e,Customer 52,Class,2025-06-02,Confirmed,Gymnastics,Lisa Hensley,Unknown,83.06,69.58,N/A,N/A,Gymnastics,Class,customer52@example.com,001-416-3747
cf3702a3-66d2-439e-b195-a8a741c40c6c,3831da29-a4b0-4e51-90ce-a9b197f51a6b,Customer 159,Class,2025-03-31,Confirmed,Dance,Amanda Davis,Unknown,83.06,264.74,N/A,N/A,Dance,Birthday Party,customer159@example.com,001-533-9794
6f7c709b-12d8-46e9-b958-7e06f56f0479,bb6e9b0c-b795-4060-9236-8f39b71277e4,Customer 76,Class,2025-05-29,Pending,Gymnastics,James Howard,14:00,120.00,240.83,N/A,N/A,Gymnastics,Class,Not Provided,Not Provided
c7e068bc-f66d-4a90-af0b-cc2050dd9f19,009ce218-e747-4541-a1d9-788aa6dc2dce,Customer 81,Class,2025-06-14,Pending,Gymnastics,Unknown Instructor,17:00,45.00,213.13,N/A,N/A,Gymnastics,Class,customer81@example.com,001-365-7961
dc6272a9-e0bb-429e-8a24-b23a6be821d2,df430ac0-9b71-449a-9868-c1cc168c2fa8,Customer 640,Birthday Party,2025-06-09,Confirmed,N/A,N/A,14:00,45.00,231.89,Play Area,Princess,Play Area,Facility,customer640@example.com,001-151-7883
8c3942cf-0e2b-450b-b603-185960ea7d2b,696b6672-997b-401d-9518-bae7adc88ed4,Customer 398,Birthday Party,2025-04-15,Confirmed,N/A,N/A,15:00,45.00,159.03,Play Area,Superhero,Play Area,Birthday Party,customer398@example.com,001-550-3479
e70b4f4e-21fa-4975-b43a-31f8779fdb19,4c7d9e13-02d8-4afe-9ef1-f2c97f128cad,Customer 638,Birthday Party,2025-05-24,Confirmed,N/A,N/A,09:00,45.00,159.03,Play Area,Sports,Play Area,Birthday Party,Not Provided,001-173-8369
df63eda8-a063-4800-a4ea-f625f2587c9e,cd725fea-d156-43b1-9a32-1f5d087edcd5,Customer 655,Birthday Party,2025-06-09,Confirmed,N/A,N/A,14:00,120.00,265.22,Play Area,Princess,Play Area,Birthday Party,customer655@example.com,001-158-9225
b18be763-bc88-4691-8335-f176c42140dd,a3c51d5b-9914-403d-8523-a06573673db8,Customer 659,Birthday Party,2025-04-05,Confirmed,N/A,N/A,12:00,45.00,52.57,Play Area,No Theme Selected,Play Area,Facility,customer659@example.com,001-815-5097
547e0b6a-51c5-41d1-9e97-fd48e222fb51,f1deff18-f6af-4fb9-8ba4-22f22eaf07de,Customer 453,Birthday Party,2025-03-31,Confirmed,N/A,N/A,14:00,90.00,214.69,Play Area,No Theme Selected,Play Area,Facility,customer453@example.com,001-796-8740
16988d27-70dc-440b-a4ca-f22a5aca4649,7a32c4ce-ba81-4880-b195-c613cc9c8b96,Customer 459,Birthday Party,2025-04-18,Pending,N/A,N/A,16:00,45.00,106.41,Party Room,Sports,Party Room,Birthday Party,customer459@example.com,001-645-6279
933dcd89-3448-4973-acc6-a9f52c8ef6b1,22232683-e8df-4e33-8820-0198c346d55c,Customer 436,Birthday Party,2025-05-01,Pending,N/A,N/A,Unknown,0.00,0,Party Room,No Theme Selected,Party Room,Birthday Party,customer436@example.com,001-880-6515
76e2d490-d7e1-4307-9898-2b52aea9ca9d,f282008e-1491-45ee-a47f-62709945852c,Customer 446,Birthday Party,2025-06-02,Pending,N/A,N/A,Unknown,0.00,0,Party Room,No Theme Selected,Party Room,Facility,customer446@example.com,001-711-5907
6a369d34-912f-420f-91c3-cd7a8c596a2c,467fecd3-aff0-46ad-8cf7-fab62d57fd45,Customer 403,Class,2025-04-02,Pending,Dance,James Howard,10:00,45.00,222.25,N/A,N/A,Dance,Class,customer403@example.com,Not Provided
aeac2b6f-6185-4acb-b8d0-e6f093d1e31f,2b423b6c-8e6c-47fa-ad1e-3b7eac47128a,Customer 404,Class,2025-06-14,Confirmed,Dance,James Howard,13:00,90.00,171.43,N/A,N/A,Dance,Class,customer404@example.com,001-116-8945
4441e33c-fafa-4b33-a02e-1a6eaad9f887,12d675e7-7c36-4358-8fda-9ec18c49e052,Customer 486,Birthday Party,2025-05-07,Confirmed,N/A,N/A,17:00,90.00,170.45,Party Room,No Theme Selected,Party Room,Facility,customer486@example.com,001-252-7419
a0ba2c76-53dc-4200-85a5-2ae839627f5d,8e87d79d-e593-4e43-a243-dd9a59f4cd55,Customer 489,Birthday Party,2025-05-04,Pending,N/A,N/A,11:00,120.00,183.19,Party Room,Sports,Party Room,Birthday Party,customer489@example.com,001-712-2197
e57b6ad4-41bb-4b5d-b172-8b06e8aa89c6,fbae1e66-e442-44a7-9dcc-b80c6c9d398f,Customer 491,Birthday Party,2025-04-13,Pending,N/A,N/A,16:00,45.00,46.53,Play Area,Superhero,Play Area,Birthday Party,customer491@example.com,001-858-7122
3c21a622-90da-42cd-b046-bd2d2ed8931a,10d75ab4-f568-4b84-9828-a8b47080be8e,Customer 407,Class,2025-04-05,Pending,Dance,Lisa Hensley,11:00,120.00,37.57,N/A,N/A,Dance,Class,customer407@example.com,001-173-1635
f8e573d8-b1f4-458b-b6a4-7bba77049a6b,c909a630-bd38-442e-b13e-924b3633f379,Customer 401,Class,2025-05-20,Confirmed,Dance,James Howard,09:00,90.00,159.03,N/A,N/A,Dance,Class,customer401@example.com,001-305-3528
225ef7ac-2035-4511-ac3a-8bfa1b2c6c03,2b6bac01-beb2-4939-a699-3969b8dc6985,Customer 792,Class,2025-03-27,Pending,Dance,Lisa Hensley,13:00,45.00,30.32,N/A,N/A,Dance,Birthday Party,customer792@example.com,001-270-5545
d12130c7-48d6-4598-8d4e-053c1ca1e45d,1ec3a21b-0c8b-4138-a9e7-ae6b38ccb1f7,Customer 925,Class,2025-05-18,Pending,Art,James Howard,12:00,45.00,158.95,N/A,N/A,Art,Birthday Party,Not Provided,001-109-9765
88358f43-a4e7-4e17-b105-381c44fcf209,47c07b44-f341-45b9-810f-4c0a3db9812f,Customer 927,Class,2025-05-09,Confirmed,Dance,Lisa Hensley,10:00,45.00,221.58,N/A,N/A,Dance,Birthday Party,customer927@example.com,001-627-6757
f9268cd1-a952-4a94-b6b8-43f6998d9176,fa5bb192-80b8-44b7-855f-f5bb7dcfefd0,Customer 793,Class,2025-05-03,Confirmed,Dance,James Howard,12:00,120.00,18.24,N/A,N/A,Dance,Facility,customer793@example.com,001-277-9968
4bf7167b-f773-498c-a5c5-391ebd803623,1b04361e-499b-4843-bcce-1c5ed4a7423e,Customer 794,Class,2025-06-02,Pending,Gymnastics,James Howard,16:00,90.00,24.54,N/A,N/A,Gymnastics,Class,customer794@example.com,001-607-2623
69e7c200-6353-49ef-9692-e541f91e9b07,1ac787e6-0a2c-448c-a661-e9d7ba0c2060,Customer 376,Class,2025-05-02,Pending,Art,James Howard,17:00,120.00,64.1,N/A,N/A,Art,Class,Not Provided,001-451-2648
7416aad1-4fba-4c03-a5b7-9e5dce434bb5,8918a843-2d35-41bc-9cc4-cc88fb1dc024,Customer 830,Class,2025-06-03,Pending,Dance,Amanda Davis,13:00,45.00,72.34,N/A,N/A,Dance,Class,customer830@example.com,001-345-3529
33f098ee-3697-4403-876a-d710577b57ac,4aec2a9d-de3d-4125-b720-1c15ac7a1591,Customer 832,Class,2025-04-24,Confirmed,Gymnastics,Lisa Hensley,16:00,45.00,35.92,N/A,N/A,Gymnastics,Class,customer832@example.com,001-194-9699
d1844a4f-2cd6-465c-ba3b-8c7f868034fc,d18bc727-b608-4a47-8218-9b336076a297,Customer 953,Birthday Party,2025-05-15,Confirmed,N/A,N/A,15:00,45.00,104.41,Play Area,Princess,Play Area,Birthday Party,customer953@example.com,001-554-7509
bbe9038a-0e1e-4834-ae86-3fe270394e79,fd3ecdb9-d171-498e-8796-5573eeb776e1,Customer 483,Birthday Party,2025-06-14,Pending,N/A,N/A,Unknown,0.00,0,Party Room,No Theme Selected,Party Room,Birthday Party,customer483@example.com,001-128-9615
780febf3-9d5b-4107-83ac-9f24298cf3d6,10b036c1-2588-4c06-9f20-9b2c6d15c4ed,Customer 533,Birthday Party,2025-04-13,Pending,N/A,N/A,15:00,90.00,126.5,Play Area,No Theme Selected,Play Area,Birthday Party,customer533@example.com,001-487-9863
ed24872f-5242-4d8c-9653-3a1ca151e885,9c84cdd7-ba88-4353-a760-ea44e5546bd7,Customer 693,Birthday Party,2025-04-14,Confirmed,N/A,N/A,Unknown,83.06,22.12,Party Room,Superhero,Party Room,Birthday Party,customer693@example.com,001-878-1452
1cc3b82a-f71f-4548-a2dc-fa3f254260bc,c90f69d0-da2a-44f0-bca1-ec38df20fa62,Customer 736,Birthday Party,2025-03-28,Confirmed,N/A,N/A,Unknown,83.06,187.78,Play Area,No Theme Selected,Play Area,Class,customer736@example.com,001-757-1212
15d50ec1-a060-467b-8d74-a3b9f82b1b6c,b38b3ec0-e86b-4f62-99a8-6a564f098bda,Customer 539,Birthday Party,2025-03-30,Pending,N/A,N/A,13:00,90.00,101.95,Play Area,Princess,Play Area,Birthday Party,customer539@example.com,001-954-9507
34d818ca-1b18-44e9-bb53-d387ad271c7a,c5958863-2948-47d1-98f8-ccd25ea96108,Customer 553,Birthday Party,2025-05-26,Confirmed,N/A,N/A,16:00,90.00,82.41,Play Area,Sports,Play Area,Birthday Party,customer553@example.com,Not Provided
5b796dfb-e0eb-48dc-b15e-a38e633f4983,386f81f7-f20a-4b1e-932e-9a19149890ae,Customer 247,Class,2025-05-29,Confirmed,Art,James Howard,14:00,90.00,112.03,N/A,N/A,Art,Class,customer247@example.com,001-578-6414
81c70148-a971-4198-9a38-6217ae114d90,481110bc-c0bb-4056-8ed0-a5ec79ed81ae,Customer 561,Birthday Party,2025-06-17,Confirmed,N/A,N/A,12:00,120.00,296.11,Play Area,Sports,Play Area,Birthday Party,customer561@example.com,001-582-1947
8d9ec2d6-205b-4f7b-8ca5-64f6323f9be9,7309d341-4448-4690-85ee-2f641073eb35,Customer 569,Birthday Party,2025-05-12,Confirmed,N/A,N/A,14:00,90.00,119.82,Play Area,Superhero,Play Area,Birthday Party,customer569@example.com,001-649-8921
3e7f2f9e-e511-4d25-b583-e0b0fa3b142d,e309f726-7505-4940-8e1a-9536242186bc,Customer 571,Birthday Party,2025-04-09,Confirmed,N/A,N/A,11:00,90.00,29.43,Play Area,No Theme Selected,Play Area,Birthday Party,customer571@example.com,Not Provided
fc556e41-bf1d-4468-aaca-ef09cd2a63a0,383f6a11-73b2-4b2c-b9f7-219a28969052,Customer 85,Class,2025-06-07,Pending,Gymnastics,Lisa Hensley,14:00,45.00,130.82,N/A,N/A,Gymnastics,Class,customer85@example.com,Not Provided
1e9e7ad7-22d2-48ff-b5f1-93ba13ce98fa,a85acbcc-83cb-41b3-abe1-acadf80e531e,Customer 396,Birthday Party,2025-04-11,Pending,N/A,N/A,Unknown,0.00,121.24,Party Room,Sports,Party Room,Birthday Party,customer396@example.com,Not Provided
848fd0b9-4dee-427e-9f2c-09cf897506ec,35ea8543-ca57-497d-ba94-678a336fb684,Customer 24,Birthday Party,2025-06-10,Pending,N/A,N/A,09:00,120.00,135.43,Play Area,Princess,Play Area,Facility,customer24@example.com,001-433-1010
0ee73daa-d065-4747-8a65-7b9e07e06111,dbc61957-874b-4c9a-9446-5ca7d14a4748,Customer 25,Birthday Party,2025-06-03,Pending,N/A,N/A,10:00,90.00,120.73,Party Room,No Theme Selected,Party Room,Birthday Party,customer25@example.com,001-967-5694
f7deb030-7d3e-4200-a3f7-81a79d7e1986,d4eb063a-4df8-4f01-9793-2979efae1e25,Customer 27,Birthday Party,2025-04-26,Pending,N/A,N/A,09:00,45.00,224.56,Play Area,No Theme Selected,Play Area,Birthday Party,Not Provided,001-985-9684
1ccbefc9-686c-47de-a78e-f30548e304f1,3e6ae1ac-0363-4e6f-aaf9-99358526c293,Customer 382,Birthday Party,2025-04-11,Confirmed,N/A,N/A,16:00,45.00,298.75,Party Room,Sports,Party Room,Birthday Party,customer382@example.com,001-363-6981
afe4c791-f778-4c5d-a1db-40197d2a118e,6a6d35b3-f194-4d9e-8459-4708fe153619,Customer 383,Birthday Party,2025-05-15,Confirmed,N/A,N/A,17:00,45.00,236.75,Play Area,Sports,Play Area,Birthday Party,Not Provided,001-822-4021
24f3169d-e7f6-4461-b3fe-e6a588f35c7c,f3135f57-1929-4308-baea-a5d2c64c694e,Customer 386,Birthday Party,2025-05-06,Confirmed,N/A,N/A,14:00,90.00,29.23,Play Area,Superhero,Play Area,Birthday Party,customer386@example.com,Not Provided
38e8f4c0-60a8-4b6b-a426-d53bd0e03a18,f27d0844-6778-4476-b12e-446d14640928,Customer 387,Birthday Party,2025-06-22,Confirmed,N/A,N/A,12:00,90.00,123.63,Party Room,Sports,Party Room,Birthday Party,customer387@example.com,001-309-8509
68b59fc6-4f2b-4930-8b7d-dcec7456fe30,30e39f7b-7c11-4940-ac50-7066c059496d,Customer 388,Birthday Party,2025-06-04,Confirmed,N/A,N/A,16:00,120.00,173.59,Party Room,No Theme Selected,Party Room,Class,customer388@example.com,001-202-5303
8c3ab84c-cee4-41e2-a1b9-7f3ad681e81f,9af0c245-87bf-426b-bd57-23a03a033efd,Customer 576,Birthday Party,2025-05-28,Pending,N/A,N/A,10:00,45.00,32.66,Party Room,Superhero,Party Room,Class,customer576@example.com,001-915-5820
11cc2596-82a5-40e1-ade3-8ea7e998f6ad,12acee95-9bc7-4255-b8e0-b6abf3cefd77,Customer 581,Birthday Party,2025-05-20,Pending,N/A,N/A,15:00,90.00,284.6,Party Room,Superhero,Party Room,Birthday Party,Not Provided,001-378-8227
f9969e56-0974-4cb6-988e-e665ca2ada98,345d9bd9-399f-4edf-9aac-41f4d9eadf1d,Customer 587,Birthday Party,2025-05-02,Confirmed,N/A,N/A,13:00,120.00,59.72,Play Area,Sports,Play Area,Birthday Party,customer587@example.com,001-389-4089
3486dc15-29e9-43d1-a665-5f1398fba3c5,1e40c4f5-9fe9-47e1-a229-0eae248829a5,Customer 590,Birthday Party,2025-04-02,Pending,N/A,N/A,17:00,45.00,282.86,Play Area,Sports,Play Area,Birthday Party,customer590@example.com,001-168-8566
fcbaf7ec-3209-4305-b61a-01002964c768,be831c56-fa8e-46ab-b8ca-e825497a2230,Customer 593,Birthday Party,2025-05-10,Pending,N/A,N/A,16:00,90.00,88.64,Party Room,Superhero,Party Room,Class,customer593@example.com,Not Provided
9d5f8ebf-b460-4b86-8665-58f9bb6f9e2e,a814b7be-9788-420d-80fc-230201016d5a,Customer 595,Birthday Party,2025-05-09,Confirmed,N/A,N/A,10:00,90.00,61.35,Party Room,No Theme Selected,Party Room,Facility,customer595@example.com,001-813-8606
319a612a-11d5-4c6c-90a2-b1f42255b71e,874a1181-101e-421c-a952-c559e8eaadda,Customer 596,Birthday Party,2025-03-30,Confirmed,N/A,N/A,12:00,90.00,172.12,Play Area,Princess,Play Area,Birthday Party,customer596@example.com,001-434-3065
3ae3aea0-7920-4717-bb11-3781287088fc,80350ec4-a627-49a9-b0dd-b9f06e92221a,Customer 603,Birthday Party,2025-05-06,Confirmed,N/A,N/A,11:00,120.00,217.57,Play Area,Sports,Play Area,Birthday Party,Not Provided,001-203-3740
87446dfd-b6f7-4394-9d5f-c12b48a6eb22,611a823a-5d8f-43d8-ad90-78ca0101a6a9,Customer 614,Birthday Party,2025-05-22,Confirmed,N/A,N/A,11:00,45.00,123.26,Play Area,Princess,Play Area,Class,customer614@example.com,001-882-7053
9cf9f1d7-4e41-40a4-8e90-ed323d3c8a4b,bde5316c-6a05-41ed-9627-c207c92339dd,Customer 263,Class,2025-05-12,Pending,Gymnastics,Lisa Hensley,15:00,90.00,0,N/A,N/A,Gymnastics,Birthday Party,customer263@example.com,001-433-6730
3bb786a3-81b8-404f-a567-b17eb57cd479,e84a1fad-0229-4a41-a182-eacf735d92d5,Customer 269,Class,2025-06-22,Pending,Gymnastics,Lisa Hensley,11:00,90.00,86.66,N/A,N/A,Gymnastics,Birthday Party,customer269@example.com,001-305-7937
46ee6cab-5fcc-46d1-b368-7287838fb221,c08c12ce-0af7-4dd6-8164-a5e590c4b69d,Customer 273,Class,2025-05-17,Confirmed,Art,Amanda Davis,16:00,90.00,220.33,N/A,N/A,Art,Class,customer273@example.com,001-944-2499
94037061-9fb3-4fa7-8778-39aa089fe997,bc0301d0-52a2-4b59-b574-e272d01d93e0,Customer 280,Class,2025-06-11,Confirmed,Gymnastics,Lisa Hensley,13:00,120.00,258.64,N/A,N/A,Gymnastics,Class,customer280@example.com,001-211-5467
e2974fd0-36dd-430a-975b-22a1948332df,3d5de5f4-adf7-41fc-88e2-a834ca08bb9b,Customer 281,Class,2025-06-15,Confirmed,Gymnastics,Amanda Davis,11:00,90.00,239.39,N/A,N/A,Gymnastics,Class,customer281@example.com,Not Provided
30508191-396f-461d-a620-afe0296c246c,e96a1d4d-8104-4ebc-8b38-a273bdbaf8a4,Customer 289,Class,2025-04-09,Confirmed,Dance,Amanda Davis,17:00,45.00,124.76,N/A,N/A,Dance,Birthday Party,customer289@example.com,001-370-5327
f99d1867-7434-4fe1-9467-ff3497795e85,88489bea-260e-4f2d-bcd9-42a125d711ec,Customer 374,Class,2025-04-03,Confirmed,Gymnastics,James Howard,12:00,90.00,119.4,N/A,N/A,Gymnastics,Class,customer374@example.com,001-783-6454
20ccea9d-9057-4179-821c-55d6326546df,b402bd3d-7a87-4e98-8db1-83da6a6bdcbe,Customer 473,Facility,2025-03-27,Pending,N/A,N/A,Unknown,0.00,292.3,Play Area,N/A,Play Area,Facility,customer473@example.com,001-370-1499
6908dc81-fd61-4b08-bf81-e4161ca57551,51e815f5-8318-4b50-8390-40a42da46dac,Customer 71,Birthday Party,2025-06-17,Confirmed,N/A,N/A,Unknown,83.06,18.51,Party Room,Sports,Party Room,Birthday Party,customer71@example.com,001-586-3723
b87b516d-cfe0-4c88-a2e8-a5eaf4bb2eac,0751b40f-d184-4f69-b17e-f4b93f8541c0,Customer 88,Birthday Party,2025-04-26,Confirmed,N/A,N/A,Unknown,83.06,43.19,Play Area,Princess,Play Area,Class,customer88@example.com,001-538-8776
652c066d-fbab-4e7d-817c-56795de7f106,8737f070-42a0-45fe-909e-474957f93736,Customer 146,Birthday Party,2025-04-02,Confirmed,N/A,N/A,Unknown,83.06,22.61,Play Area,Sports,Play Area,Birthday Party,customer146@example.com,001-254-5811
c9cad1fd-8893-4b65-8c15-7ea9b15ed719,5edf9b65-fa20-4d17-83fd-b6d58f338aa2,Customer 499,Birthday Party,2025-06-08,Pending,N/A,N/A,14:00,45.00,167.47,Play Area,Superhero,Play Area,Birthday Party,customer499@example.com,Not Provided
992bec2a-6f3a-4cc8-9603-693ed1f3e652,1920d5b1-e23e-4485-a513-5c0d81ae86dc,Customer 500,Birthday Party,2025-04-25,Confirmed,N/A,N/A,14:00,45.00,40.33,Party Room,Sports,Party Room,Birthday Party,customer500@example.com,001-636-9847
3a6a97bc-03d6-457b-a761-fce26537ffdb,9c9aac40-b51a-43ce-b5b4-ff46b9227b80,Customer 504,Birthday Party,2025-03-26,Confirmed,N/A,N/A,16:00,90.00,84.45,Party Room,Sports,Party Room,Birthday Party,customer504@example.com,001-270-7559
93132927-fdf6-4c22-b077-2944a3e8109c,abaca5dd-63a7-483f-8d5f-464b1a9e5ce4,Customer 507,Birthday Party,2025-04-06,Confirmed,N/A,N/A,14:00,90.00,72.99,Play Area,Princess,Play Area,Class,customer507@example.com,001-769-5986
3ec201d5-5ca5-4d3d-91d4-0435d2b23f00,483dbeb7-7a99-4938-aa93-289c38072544,Customer 111,Birthday Party,2025-04-23,Confirmed,N/A,N/A,13:00,45.00,19.87,Party Room,Sports,Party Room,Class,customer111@example.com,001-520-7748
8e745b4c-10de-40e0-80c8-74dc414e183a,72d80a3c-26a6-4a8a-9e0c-d6ecb9e82711,Customer 285,Birthday Party,2025-03-31,Confirmed,N/A,N/A,12:00,120.00,133.09,Party Room,Superhero,Party Room,Class,customer285@example.com,001-570-6410
f92a638d-6e49-4103-a075-bd9f9df7ec1e,9aa9e76c-102d-4cb7-8315-524b201da9dc,Customer 286,Birthday Party,2025-06-04,Pending,N/A,N/A,10:00,45.00,242.16,Play Area,Superhero,Play Area,Birthday Party,customer286@example.com,001-368-7614
52764c91-5d91-4858-9709-73fbd26e357a,ba6d6b0f-192b-4f4f-8c85-805a67c475e4,Customer 291,Birthday Party,2025-03-28,Confirmed,N/A,N/A,15:00,90.00,179.6,Play Area,Superhero,Play Area,Class,customer291@example.com,001-257-2597
949445d1-6010-402e-bfcc-f15f5ff3989d,21fb3fef-946a-4684-948a-aa8e03152efa,Customer 945,Birthday Party,2025-04-21,Confirmed,N/A,N/A,13:00,120.00,251.72,Party Room,Sports,Party Room,Birthday Party,customer945@example.com,Not Provided
bca68fde-c709-4514-a784-427a778411b7,0b267055-f26f-406f-bc83-891be2cae0c1,Customer 946,Birthday Party,2025-04-20,Pending,N/A,N/A,17:00,90.00,23.66,Play Area,Superhero,Play Area,Class,customer946@example.com,001-743-4827
63b963f8-d6ac-4d6a-9b17-b4d4d9484274,02b96f96-d193-49a0-9755-8dce1d5db383,Customer 949,Birthday Party,2025-05-05,Confirmed,N/A,N/A,09:00,120.00,210.02,Party Room,Princess,Party Room,Birthday Party,customer949@example.com,001-286-1805
64cb8ed2-81e0-4c2b-bdd8-def176bc5214,e03fd805-9709-48ea-8c1b-7bd1fd5e948f,Customer 796,Class,2025-06-02,Confirmed,Dance,Lisa Hensley,17:00,45.00,250.13,N/A,N/A,Dance,Class,customer796@example.com,001-177-9242
8197df32-5a4b-4b0b-b44b-ba779533e509,b66c219a-fc18-4c79-a939-42839ad59719,Customer 801,Class,2025-06-11,Pending,Dance,Amanda Davis,14:00,90.00,0,N/A,N/A,Dance,Class,customer801@example.com,001-871-2429
b9bcd7e7-67da-45a3-ba5c-4094dcb96c5c,01f02f0d-8df7-446f-a46a-f49e0ee6769c,Customer 95,Class,2025-04-02,Pending,Gymnastics,Unknown Instructor,Unknown,0.00,240.62,N/A,N/A,Gymnastics,Class,customer95@example.com,001-640-4335
2bee0365-df6a-4b49-a278-c2bb170c6db5,c6d23ff2-9126-45dd-a3b4-cd63207a53f3,Customer 109,Class,2025-05-29,Pending,Art,Unknown Instructor,Unknown,0.00,176.07,N/A,N/A,Art,Birthday Party,customer109@example.com,001-931-7712
55e7583d-2e4c-47cf-a93e-71fca12a0f80,67918571-80b1-40a4-805b-0b866ccab1f7,Customer 377,Class,2025-05-06,Confirmed,Dance,Unknown Instructor,15:00,90.00,137.35,N/A,N/A,Dance,Class,customer377@example.com,Not Provided
a67fd068-fb5b-428a-8d97-5b750efa98a5,c4d055d2-87a3-432d-8bcd-045d1d723ea9,Customer 51,Class,2025-04-14,Confirmed,Gymnastics,James Howard,12:00,45.00,299.05,N/A,N/A,Gymnastics,Birthday Party,Not Provided,001-874-3644
28d540fb-4b00-4a39-bcdf-b3e3a844b828,bd5b80fa-f004-4f9c-ab52-cbc1cebd0d4c,Customer 959,Birthday Party,2025-04-25,Pending,N/A,N/A,Unknown,0.00,90.76,Party Room,Princess,Party Room,Birthday Party,customer959@example.com,Not Provided
4e19013f-8634-4fe1-9ab3-2acfe89f3968,7218e292-a658-48ca-af0d-478302047b90,Customer 835,Class,2025-05-10,Confirmed,Dance,James Howard,17:00,120.00,182.81,N/A,N/A,Dance,Class,customer835@example.com,001-441-8323
7195ed9b-5ebe-408a-928f-da913b8c239c,cd69ecd2-3c11-44a2-9a84-19648dfaaf45,Customer 836,Class,2025-04-04,Confirmed,Dance,Amanda Davis,12:00,120.00,116.03,N/A,N/A,Dance,Birthday Party,customer836@example.com,001-850-7040
de7ff8a0-0455-4ddf-b586-1cc05c462475,8a05dfac-aa12-4dcc-a99a-576c276e94c5,Customer 528,Class,2025-05-04,Confirmed,Art,James Howard,12:00,90.00,298.15,N/A,N/A,Art,Class,customer528@example.com,001-637-5287
58baa71a-1ec2-443c-8ea8-5271af56c212,859a2a01-d05d-4da8-ac8b-b184ddb78b1a,Customer 589,Class,2025-04-09,Confirmed,Gymnastics,Lisa Hensley,13:00,90.00,75.75,N/A,N/A,Gymnastics,Birthday Party,customer589@example.com,Not Provided
b193f2bf-ca8a-4d5b-9a79-6e6aeee87832,0c9e7c93-3e1c-4659-8e25-de0992af306d,Customer 237,Class,2025-04-14,Confirmed,Art,Lisa Hensley,14:00,120.00,31.74,N/A,N/A,Art,Class,Not Provided,001-781-9334
e79e2ca2-3e85-41f8-94b2-f37c2bd06a66,ec13ac2d-510e-41e3-8195-bfb4d50b946f,Customer 246,Class,2025-04-11,Pending,Gymnastics,Amanda Davis,10:00,90.00,28.95,N/A,N/A,Gymnastics,Class,customer246@example.com,001-475-3469
ba956ce3-36c4-43f6-9c53-420b391f34ce,aead39d0-9995-4b9f-b6a4-6ddb02344010,Customer 592,Birthday Party,2025-05-27,Confirmed,N/A,N/A,Unknown,83.06,143.2,Play Area,Sports,Play Area,Birthday Party,customer592@example.com,001-963-8411
4e1cb0c6-a3e7-4199-987d-9bb2e8af4fef,0c5b6edc-fe07-425e-ae81-11d9388d49c3,Customer 609,Birthday Party,2025-06-07,Confirmed,N/A,N/A,Unknown,83.06,128.21,Play Area,Sports,Play Area,Birthday Party,customer609@example.com,001-734-3941
b76a0766-68ff-4f36-ba49-be63567981a8,dc4ea3ba-f4d1-4dd2-9acc-fd4320820b7c,Customer 613,Birthday Party,2025-04-23,Confirmed,N/A,N/A,Unknown,83.06,162.94,Party Room,Princess,Party Room,Birthday Party,customer613@example.com,001-331-5413
1697487f-5607-431b-8634-aa0837a78ae4,d8d309eb-16cb-4498-8c86-b38d6a01b231,Customer 688,Birthday Party,2025-03-28,Confirmed,N/A,N/A,Unknown,83.06,286.13,Play Area,Sports,Play Area,Facility,customer688@example.com,001-297-4815
ce389c17-b0d6-48a2-adbc-5e3e05783948,f055431a-4ce8-474a-bdad-96ba7ea741ad,Customer 573,Birthday Party,2025-04-30,Pending,N/A,N/A,Unknown,0.00,174.95,Party Room,No Theme Selected,Party Room,Class,Not Provided,001-531-7643
27bc5786-af3f-4d48-9158-08c83f13fa2a,7104fdf4-8403-43a3-806d-0344ae62841f,Customer 633,Birthday Party,2025-04-14,Pending,N/A,N/A,Unknown,0.00,270.04,Party Room,Superhero,Party Room,Birthday Party,customer633@example.com,Not Provided
5e195cdb-5972-433d-98c1-f9c4dd56b58a,8f8f87ab-69d3-4943-9b54-60815c3cec79,Customer 525,Birthday Party,2025-05-09,Confirmed,N/A,N/A,11:00,90.00,159.03,Party Room,Sports,Party Room,Birthday Party,customer525@example.com,001-274-1702
aa7803b9-04f2-4737-ae99-6c880637e69d,23b86630-756f-4844-aa6c-324aac03a205,Customer 538,Birthday Party,2025-06-16,Confirmed,N/A,N/A,09:00,90.00,159.03,Party Room,Sports,Party Room,Facility,Not Provided,001-908-8453
d6f044f3-2353-4cfa-8307-ad0400a7549e,a007e738-0277-4b18-b349-43c294f13f2a,Customer 568,Birthday Party,2025-05-25,Confirmed,N/A,N/A,16:00,120.00,159.03,Play Area,No Theme Selected,Play Area,Birthday Party,customer568@example.com,001-321-6563
e40074b3-849c-4128-a07a-539f7ded792e,2f37daf5-9351-4852-bd14-09e344f30716,Customer 684,Birthday Party,2025-05-21,Confirmed,N/A,N/A,15:00,120.00,131.05,Play Area,Sports,Play Area,Facility,customer684@example.com,001-201-7653
f82597d8-3323-4742-9e06-4a0bcbda67e4,f2727bf7-d73a-42f8-bef0-38674738605e,Customer 685,Birthday Party,2025-04-06,Confirmed,N/A,N/A,14:00,90.00,71.92,Party Room,Sports,Party Room,Birthday Party,customer685@example.com,001-941-1633
60596744-2083-4815-89bf-f437147e54f6,360c7db4-cbe1-4b70-9fff-d1dc7a4c6fe2,Customer 686,Birthday Party,2025-06-08,Confirmed,N/A,N/A,11:00,45.00,182.29,Play Area,No Theme Selected,Play Area,Birthday Party,Not Provided,001-202-4644
fa7bb164-d831-4cc3-afa1-14c57dd27d82,376269cd-c652-496d-b12b-d885b8466223,Customer 695,Birthday Party,2025-04-08,Pending,N/A,N/A,15:00,90.00,270.69,Party Room,Sports,Party Room,Class,customer695@example.com,001-629-5849
253c4e02-a7d1-4a2a-a565-1dd644585b15,dd68cd01-0528-4429-8f3e-d87de8008c24,Customer 700,Birthday Party,2025-05-12,Confirmed,N/A,N/A,14:00,120.00,155.68,Party Room,Princess,Party Room,Facility,customer700@example.com,001-169-7072
acf31c7b-2316-47f5-b4d0-29eec58be412,65bd277d-1859-4fa2-9614-ec5b4438de13,Customer 701,Birthday Party,2025-05-28,Pending,N/A,N/A,13:00,45.00,159.03,Play Area,Superhero,Play Area,Birthday Party,customer701@example.com,001-919-8013
99557a1c-395d-46f0-b5e7-01bc8a38ac63,2666455a-56d2-4f99-863b-65ac59173566,Customer 708,Birthday Party,2025-04-30,Confirmed,N/A,N/A,15:00,90.00,270.98,Play Area,Sports,Play Area,Birthday Party,customer708@example.com,001-530-2327
73d6d0ea-0e33-42b0-be16-69e067a0f409,9747b0f0-183c-4eec-a828-c28312862a92,Customer 709,Birthday Party,2025-04-01,Confirmed,N/A,N/A,10:00,45.00,299.62,Play Area,No Theme Selected,Play Area,Birthday Party,customer709@example.com,001-168-5072
fb9dd3e8-c838-4fd0-9041-5d5cd027bd12,2d87535d-265e-4755-855b-704725044485,Customer 714,Birthday Party,2025-05-27,Pending,N/A,N/A,17:00,120.00,17.05,Party Room,Sports,Party Room,Facility,Not Provided,001-202-3532
b95ef10b-2a7c-4065-a420-f1061b2ae438,841c3cac-e644-4333-9be1-ee695cfbd420,Customer 68,Class,2025-04-08,Pending,Gymnastics,James Howard,13:00,120.00,170.44,N/A,N/A,Gymnastics,Facility,customer68@example.com,001-104-9092
9ee1b5fb-315f-4bd0-96de-5a5715969c8c,876e915d-b212-42ad-a2e8-64ad05c8af2c,Customer 69,Class,2025-06-03,Pending,Art,Unknown Instructor,14:00,120.00,231.64,N/A,N/A,Art,Class,customer69@example.com,001-431-9726
4c4ddb80-3971-4c6f-b377-4999ae77490d,9cfc4788-191f-462c-96c4-fbde5662c646,Customer 70,Class,2025-04-28,Confirmed,Gymnastics,Amanda Davis,14:00,45.00,37.12,N/A,N/A,Gymnastics,Birthday Party,customer70@example.com,Not Provided
f6548f0b-29bc-401d-b874-6e91c894f9de,d96781a9-0b11-4517-b1ac-aa52261f32dc,Customer 74,Class,2025-04-29,Pending,Dance,Amanda Davis,13:00,90.00,243.4,N/A,N/A,Dance,Class,customer74@example.com,001-184-3092
db077280-4b48-421f-acfe-bfc81e8d2ef3,37d8e73e-333e-454a-aabd-0243e3caedf1,Customer 351,Birthday Party,2025-04-01,Pending,N/A,N/A,Unknown,0.00,231.74,Party Room,Superhero,Party Room,Birthday Party,customer351@example.com,001-355-7659
dc25e515-98c2-4838-aab8-c4a3912b8def,bb55dce8-6762-4a0c-89c7-f30a08de1bfb,Customer 355,Birthday Party,2025-04-21,Pending,N/A,N/A,Unknown,0.00,61.41,Party Room,Superhero,Party Room,Birthday Party,customer355@example.com,001-366-3164
ef3d15c7-8aec-49c3-af4f-297c996cd902,b14ab1f4-ff09-49e3-a223-42079e958295,Customer 257,Class,2025-04-08,Confirmed,Gymnastics,Amanda Davis,Unknown,83.06,229.87,N/A,N/A,Gymnastics,Class,customer257@example.com,001-975-7474
35ab3ac4-757c-4ae4-affb-bbe047481b78,570daff8-10de-4055-b68d-410dba750418,Customer 258,Class,2025-05-24,Confirmed,Gymnastics,Lisa Hensley,Unknown,83.06,288.79,N/A,N/A,Gymnastics,Class,customer258@example.com,001-727-4181
ca68ce5a-be92-401d-a24c-c9bb7e09ef3c,096faa84-0926-4f52-83bf-26ee47896a49,Customer 356,Birthday Party,2025-03-29,Pending,N/A,N/A,Unknown,0.00,18.38,Play Area,Princess,Play Area,Class,Not Provided,001-470-9625
839435ab-ccd1-4334-bf2b-36b3554e9fa2,12011153-ad84-465c-ba18-f07129f0ca04,Customer 259,Class,2025-05-17,Pending,Dance,Unknown Instructor,Unknown,0.00,77.3,N/A,N/A,Dance,Birthday Party,customer259@example.com,001-698-8651
60662532-0181-46c7-baee-bb83413f75cf,ddeda210-55d1-41ad-8111-1b86634cccd5,Customer 380,Birthday Party,2025-06-10,Pending,N/A,N/A,Unknown,0.00,263.96,Party Room,Princess,Party Room,Birthday Party,Not Provided,001-347-6098
cb38ec33-cd72-49e9-89c9-fb58f5c2ef7a,05aa08b2-af91-4e50-a796-860ffc8e17da,Customer 616,Birthday Party,2025-05-27,Confirmed,N/A,N/A,11:00,120.00,93.52,Play Area,No Theme Selected,Play Area,Birthday Party,customer616@example.com,001-644-1471
e1c310d9-312f-4aba-8236-6ce86904781f,72976f0c-aec0-4422-a211-8432ade14e45,Customer 617,Birthday Party,2025-04-01,Pending,N/A,N/A,09:00,90.00,123.64,Play Area,Sports,Play Area,Class,customer617@example.com,001-586-2532
4f7c7d26-1d14-4cea-a7ca-bb3d2728331b,1229b727-e1c4-4b36-a8f7-b09b6bd429b5,Customer 622,Birthday Party,2025-06-02,Pending,N/A,N/A,13:00,45.00,264.69,Play Area,No Theme Selected,Play Area,Birthday Party,Not Provided,001-173-4431
f4dffb61-7d31-43b4-8a9a-f8df203a5dac,e5c0e921-04c7-41b7-910e-414f28f1597b,Customer 625,Birthday Party,2025-05-12,Pending,N/A,N/A,10:00,90.00,39.65,Party Room,Superhero,Party Room,Birthday Party,customer625@example.com,Not Provided
0f501c3e-060f-45f0-9286-d095a40b6a13,f99bdeac-9fb0-4b4b-802f-3f36d678ba28,Customer 256,Class,2025-06-01,Confirmed,Art,James Howard,10:00,120.00,274.8,N/A,N/A,Art,Class,customer256@example.com,001-880-1460
7538432d-74ed-4ad9-aefa-d2cc6762c418,2c73c6aa-4b06-4dd8-b0c8-aec1e76fbfc7,Customer 261,Class,2025-06-20,Confirmed,Dance,Lisa Hensley,17:00,90.00,138.98,N/A,N/A,Dance,Class,customer261@example.com,001-566-8421
6df01c9e-9d69-4efc-b4ed-305812634fd5,4a948402-a8bb-45a8-ba63-6d13cc4f7bac,Customer 75,Class,2025-05-22,Pending,Art,Lisa Hensley,15:00,90.00,117.62,N/A,N/A,Art,Class,customer75@example.com,001-474-4689
d5816aa4-8ff7-43a3-a234-9126241057df,a9668b92-caa2-4465-87e0-26c85e6da6e0,Customer 442,Class,2025-04-05,Confirmed,Art,Amanda Davis,Unknown,83.06,133.21,N/A,N/A,Art,Class,customer442@example.com,Not Provided
94cb5c54-964d-4a5a-80b5-72d3c5075f53,44dc35cd-2878-4061-b032-21002035e5ab,Customer 185,Facility,2025-05-11,Confirmed,N/A,N/A,Unknown,83.06,172.52,Party Room,N/A,Party Room,Facility,customer185@example.com,001-850-5863
3a46ec6a-9f89-4397-b46d-f3d6558144c2,95969ef2-7620-4155-b218-9cb78a1d7339,Customer 131,Class,2025-05-08,Confirmed,Gymnastics,Lisa Hensley,12:00,120.00,159.03,N/A,N/A,Gymnastics,Class,customer131@example.com,001-259-6349
1fead4d6-4769-436e-bd04-0a319784b952,7b2be9d2-8183-49f8-9a37-f0d75574b58a,Customer 768,Birthday Party,2025-06-17,Pending,N/A,N/A,11:00,90.00,91.56,Play Area,Sports,Play Area,Facility,customer768@example.com,001-371-4317
354c9038-5082-488a-8a6d-735506617919,cbc678d3-ed0c-4c8d-b29b-6539f01c2e41,Customer 772,Birthday Party,2025-04-23,Confirmed,N/A,N/A,16:00,90.00,116.33,Party Room,Sports,Party Room,Class,customer772@example.com,001-408-1752
918ba7c7-ca4c-467f-9903-e1d1fc625eab,9f9b92ef-6891-4880-8fb2-4a9245de356e,Customer 777,Birthday Party,2025-05-16,Pending,N/A,N/A,14:00,90.00,252.63,Party Room,Princess,Party Room,Class,customer777@example.com,Not Provided
b6a3fd4a-b5ca-4eb2-a117-14ad04b39031,3001cdbe-3504-4809-bb9c-3e4fa6ff723a,Customer 781,Birthday Party,2025-06-21,Confirmed,N/A,N/A,14:00,120.00,141.68,Party Room,No Theme Selected,Party Room,Birthday Party,customer781@example.com,001-419-7475
0d6f5d4d-7048-47c9-b557-562c84cc5fd9,f8e026f6-18e7-424b-83ab-b918d0256981,Customer 785,Birthday Party,2025-04-27,Confirmed,N/A,N/A,11:00,45.00,250.67,Party Room,Princess,Party Room,Facility,customer785@example.com,001-240-7488
1e5599a1-a2e6-434b-95ad-db07b0a9a418,f60c2b42-72aa-4227-bbb3-431d78bcab7b,Customer 679,Birthday Party,2025-05-07,Pending,N/A,N/A,Unknown,0.00,153.96,Party Room,Sports,Party Room,Birthday Party,customer679@example.com,001-651-5082
638bbd4d-fe1b-4d70-a839-c3445c327a6f,5f78abf1-805d-41cb-86da-495e30c1c246,Customer 136,Class,2025-06-07,Confirmed,Art,Amanda Davis,12:00,45.00,159.03,N/A,N/A,Art,Class,Not Provided,001-641-2210
f2eb147b-0f65-4580-9846-17705978ee0f,8e21cd56-5d1b-4af1-a317-763f84208741,Customer 189,Class,2025-04-10,Confirmed,Dance,James Howard,Unknown,83.06,295.4,N/A,N/A,Dance,Class,customer189@example.com,001-317-9055
001316f7-ca18-4bb3-bba0-f4c2edb0cd19,ca7c6e7a-90b7-48f4-8ca7-f914f992e828,Customer 150,Birthday Party,2025-05-23,Confirmed,N/A,N/A,15:00,45.00,97.41,Play Area,Superhero,Play Area,Birthday Party,Not Provided,001-636-3256
d55bf874-26c1-44b0-b5d0-faf5e47de356,1ee4d304-0e10-468e-bf02-bdefcece1006,Customer 151,Birthday Party,2025-05-26,Pending,N/A,N/A,13:00,120.00,141.96,Party Room,Superhero,Party Room,Birthday Party,customer151@example.com,001-365-4260
65b68e42-3c98-48cc-bb71-c2dd9c774a5a,f26b93c3-2329-442e-8c83-673b1a4d1936,Customer 154,Birthday Party,2025-05-28,Pending,N/A,N/A,17:00,120.00,289.29,Party Room,Superhero,Party Room,Birthday Party,customer154@example.com,Not Provided
058f524d-3b6a-4bc4-881d-3ae7569f90f5,cac1078e-3a8e-4632-9f7f-42043da436ae,Customer 155,Birthday Party,2025-04-18,Confirmed,N/A,N/A,16:00,45.00,148.73,Play Area,Sports,Play Area,Birthday Party,customer155@example.com,001-428-7773
958b0e44-3bbf-429c-9da2-83e2317666d2,53b85f10-1aef-452e-80d8-0fbae5d23e90,Customer 626,Birthday Party,2025-06-16,Pending,N/A,N/A,12:00,45.00,297.45,Party Room,Princess,Party Room,Birthday Party,customer626@example.com,001-849-6119
ecd875b6-00f6-4235-b238-79a44671f4af,1eda4cf8-82ef-4f9e-9c3e-de76c3cb7dd8,Customer 628,Birthday Party,2025-06-02,Pending,N/A,N/A,09:00,45.00,251.42,Party Room,Superhero,Party Room,Birthday Party,customer628@example.com,001-225-2311
6b9e1286-399f-4942-a1a2-85155e01bfcd,5a0c668c-0c44-458d-b872-b4ced1be6494,Customer 629,Birthday Party,2025-05-02,Pending,N/A,N/A,12:00,90.00,114.36,Party Room,Superhero,Party Room,Class,customer629@example.com,001-155-9636
dde2691f-e581-4cde-9af4-271998c98f73,4c61f9b8-ac48-48f4-8801-53e50fa3ff51,Customer 630,Birthday Party,2025-04-01,Confirmed,N/A,N/A,12:00,45.00,274.56,Party Room,Superhero,Party Room,Birthday Party,customer630@example.com,001-538-4032
e8e2f341-6a4f-43b5-aee5-0b35878474cd,489a4949-b903-4f4f-8bdb-17a0a7553d35,Customer 16,Class,2025-05-10,Confirmed,Art,Amanda Davis,10:00,90.00,30.53,N/A,N/A,Art,Class,customer16@example.com,001-705-1308
601d68a7-bf85-4f10-8ff2-5187274eb226,2d9e995e-6f93-4e36-8a96-32240fd98a0b,Customer 294,Class,2025-06-07,Pending,Art,Unknown Instructor,Unknown,0.00,275.82,N/A,N/A,Art,Class,customer294@example.com,001-759-9832
e34f0398-2d13-4603-8fb2-72026744d68b,a93ad879-a884-4021-a712-3aba8af48c4c,Customer 330,Class,2025-05-20,Pending,Dance,Unknown Instructor,Unknown,0.00,60.68,N/A,N/A,Dance,Class,customer330@example.com,001-833-9764
4ce8c61f-8a0b-49b2-ba27-085c844a9bba,9d8197d0-1287-4a55-aa3e-c2fee52ea322,Customer 177,Class,2025-05-16,Pending,Dance,Unknown Instructor,Unknown,0.00,281.4,N/A,N/A,Dance,Class,customer177@example.com,001-331-5553
e62abc3b-d89b-48c8-b573-4013267060aa,6c5f4de5-134b-49fe-a3be-b75178c65a45,Customer 197,Class,2025-05-09,Pending,Gymnastics,Unknown Instructor,Unknown,0.00,165.16,N/A,N/A,Gymnastics,Class,customer197@example.com,001-540-7428
2714dff2-34be-4cb4-ae2e-d26544d1d5b9,26026750-9cce-427e-880f-d87de415ed51,Customer 171,Class,2025-05-24,Confirmed,Art,Amanda Davis,Unknown,83.06,159.03,N/A,N/A,Art,Class,customer171@example.com,001-641-9986
2c5632f6-d35f-4bba-bd7a-909ac89d5aec,8b296c11-a92c-4405-bc20-047f27a7b5df,Customer 421,Class,2025-04-04,Pending,Art,Unknown Instructor,14:00,120.00,0,N/A,N/A,Art,Class,customer421@example.com,001-528-3596
86ee13f9-82b9-4484-a40a-1c149d62e10e,390d2ceb-202c-4f45-a97e-b1dd96d39637,Customer 406,Class,2025-05-04,Pending,Gymnastics,James Howard,Unknown,0.00,131.92,N/A,N/A,Gymnastics,Birthday Party,customer406@example.com,001-160-5375
f669c4c0-bb9e-4ba9-9334-f3c5dec42593,2b9cc334-9a03-47c1-a905-21a00af20e7f,Customer 420,Class,2025-06-05,Pending,Dance,Unknown Instructor,Unknown,0.00,119.11,N/A,N/A,Dance,Class,Not Provided,001-378-6433
7831778d-962a-4756-90e2-19d86560ded1,d9c06c89-aa29-4ec1-9e95-01e8bd3cb9f4,Customer 148,Facility,2025-04-21,Confirmed,N/A,N/A,15:00,90.00,195.84,Party Room,N/A,Party Room,Facility,customer148@example.com,001-446-6148
f40b8123-6fe6-47aa-9184-1ba27bb642bd,a3133daf-6174-477b-adec-ba0317b59e60,Customer 149,Facility,2025-04-14,Confirmed,N/A,N/A,15:00,45.00,283.81,Play Area,N/A,Play Area,Birthday Party,customer149@example.com,001-963-3790
f4f8f552-6cfd-4312-89b2-7078379968d3,9691d097-a299-4790-85ef-df81abb0d147,Customer 153,Facility,2025-04-23,Confirmed,N/A,N/A,13:00,120.00,107.02,Play Area,N/A,Play Area,Facility,customer153@example.com,001-752-2960
08e74edf-ab2d-48b1-883c-d3459c6f64c1,4b15de7f-52dc-48cd-b5f1-9b48137e087b,Customer 510,Birthday Party,2025-06-01,Pending,N/A,N/A,Unknown,0.00,0,Party Room,Sports,Party Room,Class,customer510@example.com,Not Provided
415bfcbe-1a2e-4d4b-809a-4c5b606653b1,b82db986-bd52-4b07-bdd8-aa8cf2016241,Customer 2,Birthday Party,2025-05-29,Pending,N/A,N/A,Unknown,0.00,182.06,Party Room,Superhero,Party Room,Birthday Party,customer2@example.com,001-537-5668
a0f4c1e1-52ab-4257-bc30-768b0208fb46,44824314-534d-411c-a3c5-a102888d2fd1,Customer 11,Birthday Party,2025-04-08,Pending,N/A,N/A,Unknown,0.00,47.55,Party Room,No Theme Selected,Party Room,Facility,customer11@example.com,001-494-1020
2f938585-f8bc-4f29-a5cf-7f374e9c35a0,b63d5ebd-171d-47d3-bc70-7f6202dfe94b,Customer 802,Birthday Party,2025-05-03,Confirmed,N/A,N/A,11:00,45.00,195.41,Party Room,Sports,Party Room,Facility,customer802@example.com,Not Provided
9671f771-a240-4325-ab22-41913817fdd9,94665e91-ba3a-4512-bfcd-b63cd0d7e343,Customer 804,Birthday Party,2025-04-11,Confirmed,N/A,N/A,17:00,120.00,255.82,Party Room,Sports,Party Room,Class,customer804@example.com,001-936-8296
cdd63985-540b-41d2-ba54-21f752c98fd4,80e5e76b-553e-4812-9722-d9650e7c199a,Customer 809,Birthday Party,2025-03-31,Pending,N/A,N/A,12:00,120.00,0,Play Area,Princess,Play Area,Birthday Party,customer809@example.com,001-397-1270
2d9520fe-64b5-4d95-9082-8b24841bf2c3,9e622da7-31bd-4219-80a6-0c32acef1581,Customer 812,Birthday Party,2025-04-06,Confirmed,N/A,N/A,13:00,120.00,144.5,Play Area,Sports,Play Area,Birthday Party,customer812@example.com,001-268-9540
21e13405-d530-4516-946e-5ce12bf4ca72,5a7365cb-bf5a-4abf-99d8-ab43d1bb2727,Customer 813,Birthday Party,2025-05-07,Pending,N/A,N/A,15:00,90.00,97.61,Play Area,Superhero,Play Area,Birthday Party,customer813@example.com,001-944-3672
57c10473-b864-4d8d-b11c-e997e1a33027,ed690575-5277-4184-af6e-410b98ba4869,Customer 814,Birthday Party,2025-06-10,Pending,N/A,N/A,16:00,45.00,279.72,Party Room,Princess,Party Room,Birthday Party,customer814@example.com,001-883-8452
03a4c0ea-4d3c-45a7-929a-2d2591e81fb9,800b0900-d91c-4bbb-93cf-66628d95d453,Customer 821,Birthday Party,2025-04-23,Pending,N/A,N/A,10:00,45.00,286.03,Play Area,Sports,Play Area,Facility,customer821@example.com,Not Provided
8d28323b-3603-4bf3-b9a5-8d525cfa32e3,b6d40ff2-d5e6-4ed3-aaae-e1a4405e2460,Customer 447,Class,2025-05-07,Confirmed,Art,Amanda Davis,Unknown,83.06,139.31,N/A,N/A,Art,Class,customer447@example.com,001-705-4814
49d49b0a-9468-4bd4-ab7d-cf27ffd4abf5,a3c89f6d-219e-4eee-a178-8ec78e2fb0b3,Customer 458,Class,2025-06-09,Confirmed,Dance,Lisa Hensley,Unknown,83.06,120.99,N/A,N/A,Dance,Class,customer458@example.com,001-642-1376
f710644b-18e0-4b72-9bd7-53ed9b99e524,07385089-b884-40f7-bc33-2f7f4e69de3a,Customer 534,Class,2025-06-16,Confirmed,Dance,Amanda Davis,Unknown,83.06,270.74,N/A,N/A,Dance,Class,customer534@example.com,001-196-9396
f636c596-32c9-4ccc-816a-ca687d902a7e,b13051ed-3620-4dd0-b006-71c428adae57,Customer 575,Class,2025-06-20,Confirmed,Dance,Lisa Hensley,Unknown,83.06,289.91,N/A,N/A,Dance,Class,customer575@example.com,Not Provided
c42a3829-a38e-4fbc-acc3-0b549ee0200c,27c89326-a1d9-44d9-b6ed-61f6e30387c9,Customer 740,Class,2025-06-04,Confirmed,Dance,James Howard,Unknown,83.06,256.82,N/A,N/A,Dance,Class,customer740@example.com,001-338-3160
54caecb5-774e-4179-8326-4778dc487369,25aee4c8-4848-437e-9d26-6787ca5413d5,Customer 858,Class,2025-05-23,Confirmed,Dance,Lisa Hensley,Unknown,83.06,225.74,N/A,N/A,Dance,Class,customer858@example.com,001-218-3627
22c1f6b6-0b45-49d3-b6b3-a2d40126702f,a349c260-c88c-456c-be42-1f09a887162f,Customer 181,Birthday Party,2025-05-04,Confirmed,N/A,N/A,Unknown,83.06,20.36,Play Area,Superhero,Play Area,Birthday Party,customer181@example.com,001-900-3800
e34fb6cb-ca59-4454-9889-ea61e1c167b4,b99fbece-50a3-4ae0-bad5-d8f1d00a3f29,Customer 725,Birthday Party,2025-06-18,Confirmed,N/A,N/A,11:00,90.00,53.33,Party Room,Princess,Party Room,Birthday Party,customer725@example.com,001-161-4099
33f2f292-bd47-48b8-b83e-b493c067e0ab,f7378ebe-32e2-48ef-be50-f629e748ee6b,Customer 726,Birthday Party,2025-04-19,Confirmed,N/A,N/A,16:00,90.00,86.88,Play Area,Superhero,Play Area,Facility,customer726@example.com,001-285-2039
47145b14-70e6-4a0e-b3b8-014cb75077b1,11e5c53e-5278-4d68-b197-6450a0a0ceee,Customer 730,Birthday Party,2025-04-27,Pending,N/A,N/A,16:00,90.00,196.94,Play Area,Superhero,Play Area,Birthday Party,customer730@example.com,Not Provided
27bae88c-57ee-463f-819a-dc74b5c3e529,8d4ea47f-4e29-47b2-b583-505607398469,Customer 738,Birthday Party,2025-04-14,Pending,N/A,N/A,16:00,90.00,108.54,Party Room,Princess,Party Room,Class,customer738@example.com,001-296-5128
17371228-4f4d-430f-b383-8168b519f34e,420bd7fd-94b8-465b-8abb-268cb16990a3,Customer 859,Class,2025-06-09,Confirmed,Gymnastics,Unknown Instructor,Unknown,83.06,256.32,N/A,N/A,Gymnastics,Class,customer859@example.com,001-490-7397
6272b4e7-a508-4ed7-bae0-21f7293287a8,eb297435-93d1-4e65-8dd4-6450922305cb,Customer 5,Class,2025-04-13,Pending,Art,Unknown Instructor,15:00,120.00,161.14,N/A,N/A,Art,Class,customer5@example.com,001-718-3794
fb5092f9-f7ac-4144-b477-0650c88134a4,22addcce-0a6c-4be1-b7ec-11320beb6739,Customer 12,Class,2025-04-20,Pending,Dance,Unknown Instructor,13:00,45.00,186.42,N/A,N/A,Dance,Class,customer12@example.com,001-573-4385
74b8102e-eef6-4774-a134-5a3d0d012c3d,6a0d66d3-24b1-4eb5-8f6f-b9893eb57701,Customer 14,Class,2025-06-04,Pending,Art,Amanda Davis,16:00,120.00,83.48,N/A,N/A,Art,Class,customer14@example.com,001-189-3447
9ae3b746-8d6c-4ad3-8e12-548c721d0f52,706dee1c-2ed5-4d88-8d84-a25455e87b60,Customer 130,Class,2025-05-12,Confirmed,Art,Unknown Instructor,Unknown,83.06,95.59,N/A,N/A,Art,Facility,customer130@example.com,001-984-7841
1bc2fe5e-2e06-452a-b063-6be9ff8ae6eb,e6dca3d2-c6f9-422e-aff7-d3a747479e5d,Customer 61,Facility,2025-05-07,Confirmed,N/A,N/A,Unknown,83.06,73.87,Play Area,N/A,Play Area,Class,customer61@example.com,001-347-9808
25859f05-e469-4256-8665-7214fc6cf546,e7e1750b-4d3e-4d5a-8648-1ccd5e45a0c2,Customer 101,Facility,2025-04-07,Confirmed,N/A,N/A,Unknown,83.06,286.08,Play Area,N/A,Play Area,Facility,customer101@example.com,001-536-7273
ef65085a-45fb-4a6c-bacd-215426860871,696451f3-13f6-47c5-a5b6-21607d1166dd,Customer 825,Birthday Party,2025-06-04,Pending,N/A,N/A,12:00,90.00,70.85,Play Area,No Theme Selected,Play Area,Birthday Party,customer825@example.com,001-203-7998
b077dd4c-a85c-4493-93fd-34cf4f43019f,7ab2bfa2-f37f-44dd-9a45-5f468ad7d2cf,Customer 848,Birthday Party,2025-05-27,Pending,N/A,N/A,13:00,90.00,261.73,Play Area,Sports,Play Area,Class,customer848@example.com,Not Provided
b8f37335-544e-408c-bcb1-029ec6e521c7,35bbdcda-b7b2-43be-a2c1-4322789d914e,Customer 514,Birthday Party,2025-03-31,Pending,N/A,N/A,13:00,120.00,44.53,Party Room,Superhero,Party Room,Birthday Party,customer514@example.com,001-871-4995
7ce89026-d5cc-4089-8f01-4777661cd60e,c83aed12-fe15-46fc-a79d-85a805a44cd9,Customer 516,Birthday Party,2025-06-02,Pending,N/A,N/A,14:00,120.00,104.36,Party Room,Superhero,Party Room,Birthday Party,customer516@example.com,001-302-1796
2100024b-46fc-47b5-ac1c-047d007a4723,6bbb6e83-9577-4f64-80b0-f073132d18f3,Customer 3,Birthday Party,2025-05-09,Confirmed,N/A,N/A,11:00,120.00,207.5,Play Area,No Theme Selected,Play Area,Facility,customer3@example.com,001-880-7769
74936def-088f-4d34-bad1-dfa76f78b704,f16f5beb-6a7d-4493-a19e-a30dbbd206e9,Customer 4,Birthday Party,2025-06-07,Pending,N/A,N/A,12:00,90.00,203.2,Play Area,No Theme Selected,Play Area,Birthday Party,customer4@example.com,001-491-3107
10770fd9-44fd-456e-a875-08b7732d66d9,b9022c33-daf1-42f8-8440-f70a660b9914,Customer 742,Birthday Party,2025-04-03,Confirmed,N/A,N/A,13:00,45.00,226.55,Party Room,No Theme Selected,Party Room,Birthday Party,customer742@example.com,001-715-1872
ec525614-8cd4-4ca8-b0b9-0b3a5d7659ca,1223a1f8-993c-4665-9476-b784a6c3b7f9,Customer 746,Birthday Party,2025-04-27,Confirmed,N/A,N/A,13:00,45.00,163.9,Party Room,Superhero,Party Room,Birthday Party,Not Provided,001-652-1869
69440a3f-5e85-4109-b32c-d4b6e3a80eed,6f9b01e0-0ff7-4c4b-96e2-cf0a0c8f4ccf,Customer 747,Birthday Party,2025-06-12,Pending,N/A,N/A,14:00,120.00,98.23,Party Room,Superhero,Party Room,Birthday Party,customer747@example.com,001-247-4266
acd45821-0c03-48cf-8925-5c01cc9c236e,09516df1-22d8-43d1-bc40-958d4b2b3f10,Customer 753,Birthday Party,2025-04-25,Pending,N/A,N/A,10:00,90.00,186.97,Play Area,Sports,Play Area,Birthday Party,customer753@example.com,001-952-2619
27ffbbd3-607c-407e-a64e-1e099e7ce5c9,6405a2d9-a46f-48e6-b203-abd0a75c0f85,Customer 755,Birthday Party,2025-06-18,Pending,N/A,N/A,17:00,90.00,0,Party Room,Superhero,Party Room,Class,customer755@example.com,001-674-9033
a146a6c2-40d6-4d0e-b347-d8e0d43a9160,72881cd9-50f0-4957-a063-2dd414d7aafd,Customer 767,Birthday Party,2025-06-17,Pending,N/A,N/A,10:00,90.00,48.72,Party Room,Sports,Party Room,Class,customer767@example.com,001-793-2193
872c6e34-0290-4c21-b79f-0991f3cc243a,95eaee3a-5312-4815-99cf-25c7657a825e,Customer 850,Birthday Party,2025-05-04,Pending,N/A,N/A,14:00,45.00,240.71,Party Room,No Theme Selected,Party Room,Birthday Party,customer850@example.com,001-547-5681
9bea7877-e211-4b15-9f72-ae0c228be498,db77a484-3e35-4bd0-9f4d-1f7d9d82f337,Customer 466,Class,2025-04-17,Confirmed,Art,James Howard,Unknown,83.06,36.22,N/A,N/A,Art,Class,customer466@example.com,001-147-4137
8a809361-c388-4919-98b9-23c8c33e0c24,ab78b94f-c4f1-43dd-8024-41bd6fb77093,Customer 92,Birthday Party,2025-04-07,Pending,N/A,N/A,Unknown,0.00,18.58,Party Room,Superhero,Party Room,Birthday Party,customer92@example.com,001-255-1252
21915451-fce6-437c-8b15-7ee33b3f6431,771c28d8-bc81-4144-871e-84e5d966c7b3,Customer 133,Birthday Party,2025-04-27,Confirmed,N/A,N/A,10:00,120.00,131.05,Play Area,Sports,Play Area,Facility,customer133@example.com,001-738-3532
d9ae5986-5ceb-49f2-92ea-49084c4252ea,3f3e57e9-d8a9-4a0b-905e-fb4a2b6a5fdf,Customer 138,Birthday Party,2025-06-12,Confirmed,N/A,N/A,14:00,120.00,209.84,Play Area,Superhero,Play Area,Birthday Party,customer138@example.com,001-805-9641
4215fa22-58f6-4301-a921-9885ae89ff03,ae78b860-55f0-4f1d-9c41-a882cbfe0e3c,Customer 139,Birthday Party,2025-06-15,Confirmed,N/A,N/A,16:00,90.00,231.49,Party Room,Superhero,Party Room,Class,customer139@example.com,001-732-9703
d3ed474d-916d-4a31-89d9-219a51f79d5c,46fa3cb0-030f-47f2-8637-2224874af2a3,Customer 854,Birthday Party,2025-04-08,Pending,N/A,N/A,15:00,45.00,288.94,Play Area,Princess,Play Area,Birthday Party,customer854@example.com,001-707-5585
127bd61f-eae7-4b1c-acdd-96aa2cec466a,a4dc9923-b102-4800-a1ac-8e26497c3d9d,Customer 864,Birthday Party,2025-05-22,Pending,N/A,N/A,15:00,120.00,112.63,Party Room,Sports,Party Room,Facility,customer864@example.com,001-357-3284
beeff399-9f59-4e66-9d11-e6a7a6e541ab,14d306a4-310d-41d5-84fe-e490eaa7e6cd,Customer 364,Class,2025-06-01,Pending,Art,Amanda Davis,17:00,120.00,15.37,N/A,N/A,Art,Class,customer364@example.com,001-850-4288
4f0aeb2c-ad73-4127-a3e7-c10d7c780666,b56e35fc-068c-4685-b6dd-ca3f7fca53f9,Customer 370,Class,2025-05-14,Pending,Dance,Unknown Instructor,14:00,45.00,94.25,N/A,N/A,Dance,Birthday Party,customer370@example.com,001-284-1731
13e526c2-f8cc-463d-8ce5-2a6652dcc7c0,87ebdecd-4a9d-4a99-84da-fec3e0167563,Customer 10,Facility,2025-06-02,Pending,N/A,N/A,16:00,90.00,44.41,Play Area,N/A,Play Area,Facility,customer10@example.com,001-630-4888
e6bcd389-c931-41d0-9dae-c3e1015057c0,1a24e417-bfa5-4dd9-b27c-cdc8c9e18b0e,Customer 15,Facility,2025-04-06,Pending,N/A,N/A,10:00,90.00,180.94,Play Area,N/A,Play Area,Facility,Not Provided,001-416-3754
da47638f-8094-4664-b3a9-29d85419474d,5065a3ee-0017-473a-8f2e-a149e3efa111,Customer 381,Class,2025-03-29,Pending,Dance,James Howard,13:00,45.00,219.01,N/A,N/A,Dance,Class,customer381@example.com,001-980-5710
ecc39496-ff64-4c7d-8318-bd1b414564bb,58b4ed5d-26d6-4510-ae0a-737c99e74d34,Customer 487,Class,2025-05-04,Confirmed,Dance,Lisa Hensley,Unknown,83.06,49.21,N/A,N/A,Dance,Birthday Party,customer487@example.com,001-442-2270
2c0e0ce7-8813-4ce9-9ecc-6cc3b6738dd1,0dd5e688-fce3-4f7d-b5a4-8ea598fce463,Customer 468,Class,2025-05-10,Pending,Dance,Unknown Instructor,10:00,90.00,89.88,N/A,N/A,Dance,Class,Not Provided,001-156-5187
88350aff-dbd9-4956-b2ca-405ac9b6a74f,24c1b37a-9583-4657-a0ba-8752efcad80f,Customer 475,Class,2025-04-23,Confirmed,Dance,Amanda Davis,15:00,120.00,85.85,N/A,N/A,Dance,Class,customer475@example.com,001-908-7416
7d0d561a-e45f-43c9-a65a-3ca65d7046c7,10ebe6f9-647d-40e5-975a-99a2410f73eb,Customer 477,Class,2025-05-29,Pending,Gymnastics,Amanda Davis,11:00,45.00,223.99,N/A,N/A,Gymnastics,Class,customer477@example.com,001-542-8559
ef360a60-bd94-417b-9715-31bf85f83c45,82e07cb3-b9d4-4165-aec5-c4d7206f9287,Customer 735,Class,2025-06-21,Pending,Art,James Howard,Unknown,0.00,172.33,N/A,N/A,Art,Class,customer735@example.com,Not Provided
149ae10d-87b8-4371-9aa4-c2410e042e1c,34284b5f-4d6e-46f7-a9a1-bb44e97b4867,Customer 748,Class,2025-06-07,Pending,Dance,Unknown Instructor,Unknown,0.00,40.31,N/A,N/A,Dance,Facility,customer748@example.com,001-947-8137
a6a83483-2a89-4883-becd-cc5ece59b311,aba1b5ca-21b1-4e2f-8b12-d364bc10a76d,Customer 45,Class,2025-04-24,Pending,Dance,Amanda Davis,13:00,120.00,192.87,N/A,N/A,Dance,Class,customer45@example.com,001-669-4365
a0d124d5-23b1-4a24-8b9d-54ecce158c63,d8575a4e-789d-4163-b12e-d08d090aa823,Customer 47,Class,2025-05-04,Pending,Gymnastics,Lisa Hensley,11:00,120.00,180.88,N/A,N/A,Gymnastics,Class,Not Provided,001-275-7503
8d1dcb9c-cc60-4f0f-ba36-3b86410add76,bf91e3d6-b493-4832-ae3a-3a012cdb0a4c,Customer 49,Class,2025-04-01,Pending,Art,Unknown Instructor,11:00,90.00,98.11,N/A,N/A,Art,Class,customer49@example.com,001-132-3808
3c391afe-c7c9-430b-9fc0-6030e3b2690b,cab99c6e-623d-4400-95ad-9c0aeeb3b575,Customer 50,Class,2025-04-23,Pending,Art,Lisa Hensley,09:00,45.00,57.54,N/A,N/A,Art,Facility,customer50@example.com,001-258-7350
8a03c807-776c-488e-b577-e489ab525281,2b84f3e3-884b-4ab5-8eae-12f1b2d02f00,Customer 90,Class,2025-04-15,Confirmed,Dance,Unknown Instructor,14:00,120.00,277.9,N/A,N/A,Dance,Facility,customer90@example.com,001-604-1226
2ea4b963-c860-473a-9b95-7b5805ba8f10,36c33c4c-c233-44e6-bbc7-bbdc549bf712,Customer 97,Class,2025-06-20,Confirmed,Art,Lisa Hensley,10:00,90.00,144.91,N/A,N/A,Art,Class,customer97@example.com,001-937-2748
6b6364cc-5bfe-4152-9e6e-58390fc5384b,1fa6c263-c6a3-4e12-8163-3804ad582de9,Customer 98,Class,2025-06-18,Pending,Art,Lisa Hensley,15:00,45.00,297.06,N/A,N/A,Art,Class,customer98@example.com,001-689-5308
f17f3f98-9de3-4e1f-85a4-b4c79f1b4cd6,a3f35d92-e228-4cf7-85e7-6eb2b179b332,Customer 100,Class,2025-04-03,Pending,Gymnastics,Lisa Hensley,09:00,90.00,0,N/A,N/A,Gymnastics,Class,customer100@example.com,001-353-6639
257869ed-b3ec-4e5e-92b9-4994caa6b7a2,da673861-4f09-482d-a378-143d6a8f9606,Customer 108,Class,2025-06-21,Pending,Dance,Amanda Davis,17:00,45.00,121.26,N/A,N/A,Dance,Class,customer108@example.com,001-820-8803
47687f18-8157-47a4-9055-a3bed3ae9112,baee033f-0b9e-4f9f-bc82-0f005bae5d14,Customer 112,Class,2025-05-14,Pending,Art,Lisa Hensley,13:00,90.00,0,N/A,N/A,Art,Class,customer112@example.com,001-119-6400
f262d6a2-65b6-46dc-86f4-ef78f3befd4f,26295488-486d-479b-8600-4329e5305a4a,Customer 113,Class,2025-04-27,Pending,Art,Amanda Davis,14:00,90.00,69.56,N/A,N/A,Art,Class,customer113@example.com,001-841-2806
29fb60ef-dfed-4bfd-90d6-114a7a9695a8,9919e299-79e0-4d87-afbb-2a88b79c445e,Customer 142,Class,2025-04-07,Confirmed,Gymnastics,Lisa Hensley,13:00,120.00,103.14,N/A,N/A,Gymnastics,Class,customer142@example.com,001-257-9939
61afcf23-e564-406a-b535-b68e62c8c93f,b6381b8c-bcdd-4257-ae82-26ef251e238f,Customer 152,Class,2025-04-30,Pending,Art,Lisa Hensley,16:00,120.00,0,N/A,N/A,Art,Class,customer152@example.com,001-513-3999
1321e371-eafa-448a-82cf-e5ba33490663,0854bc74-b7ff-4fcb-ba32-3ffbf26f19f1,Customer 21,Birthday Party,2025-05-13,Confirmed,N/A,N/A,11:00,90.00,150.79,Play Area,No Theme Selected,Play Area,Birthday Party,customer21@example.com,001-763-2184
5a17c6b7-9e6d-4ac0-a27b-1d789e1b5cc5,e5cd27a8-1059-4e20-b757-fd8dce201615,Customer 147,Facility,2025-03-27,Pending,N/A,N/A,14:00,90.00,294.43,Party Room,N/A,Party Room,Birthday Party,customer147@example.com,001-456-6225
f56e69fa-0476-4e8a-8aa3-bbb937e554ba,6d2dd2b1-0191-448a-aced-dbfd26db4d3b,Customer 479,Class,2025-03-27,Confirmed,Dance,Lisa Hensley,16:00,120.00,101.66,N/A,N/A,Dance,Class,customer479@example.com,001-824-2376
d7b7618b-9e1d-4602-9704-04ff2b2537e9,9c360cbe-6ce2-4b87-a916-1881ca1254f4,Customer 797,Birthday Party,2025-06-07,Confirmed,N/A,N/A,13:00,90.00,159.03,Party Room,Sports,Party Room,Birthday Party,customer797@example.com,001-173-6937
ab354529-0fd5-48ea-8207-857f32ba9a46,92a07f01-4d2c-4776-9c14-d3a93b887ea5,Customer 968,Birthday Party,2025-05-01,Pending,N/A,N/A,17:00,90.00,174.5,Party Room,Sports,Party Room,Birthday Party,customer968@example.com,001-243-7213
5a321ec9-4130-4ca6-bf71-052fc7c954b0,7729493d-63fb-4507-9255-80c4ee80e939,Customer 134,Facility,2025-04-15,Pending,N/A,N/A,11:00,90.00,0,Party Room,N/A,Party Room,Facility,customer134@example.com,001-364-9296
448a039a-34a8-483d-8243-672f6591029b,2db702c1-df4f-4678-bd85-bcaeaa52a5fd,Customer 604,Class,2025-04-11,Confirmed,Dance,Unknown Instructor,Unknown,83.06,187.45,N/A,N/A,Dance,Facility,customer604@example.com,001-724-4978
cda50046-1c1c-4d0a-9dc9-507bdec66c22,ea567388-9afe-451d-8dc1-599243361d74,Customer 602,Class,2025-04-30,Pending,Dance,Lisa Hensley,Unknown,0.00,43.35,N/A,N/A,Dance,Facility,customer602@example.com,001-439-3139
4d5dfa7f-a42a-4a2b-ac21-059d65eff414,18fb7fe9-36e5-4ac9-ac4c-ca1c902fd306,Customer 157,Facility,2025-04-08,Confirmed,N/A,N/A,14:00,45.00,162.76,Party Room,N/A,Party Room,Facility,customer157@example.com,001-836-3722
7677b0ca-ba64-4322-a19e-f83922f8ae25,505b1085-c091-426c-b6a9-b2ef9b720f68,Customer 160,Facility,2025-06-17,Confirmed,N/A,N/A,11:00,45.00,40.49,Play Area,N/A,Play Area,Facility,customer160@example.com,001-872-3018
b45510b4-a38e-425b-8884-e5fd8915cc52,06a3d0c4-f46a-4bcd-9745-066b20743d95,Customer 162,Facility,2025-04-18,Pending,N/A,N/A,10:00,90.00,201.89,Party Room,N/A,Party Room,Class,customer162@example.com,001-275-7003
acc72d88-6732-4280-b92c-e9470bc50b1b,8806e19e-f6bc-483c-8807-ad0bee4647ad,Customer 165,Facility,2025-06-16,Pending,N/A,N/A,14:00,45.00,244.18,Party Room,N/A,Party Room,Birthday Party,customer165@example.com,001-202-7075
44834e54-e9b4-4d9b-ac47-cdddc3d64152,831baaa9-b3cf-48d8-958c-68f70593e524,Customer 978,Facility,2025-06-18,Pending,N/A,N/A,12:00,45.00,165.84,Play Area,N/A,Play Area,Facility,customer978@example.com,001-135-3306
f324b192-35c4-4e19-a729-8c51812ea1b0,1a50f91e-4bee-49b4-bb47-cdfbba4136a5,Customer 298,Class,2025-03-25,Confirmed,Gymnastics,James Howard,Unknown,83.06,210.23,N/A,N/A,Gymnastics,Birthday Party,customer298@example.com,001-787-2366
78f46ced-72b6-4965-ba3b-99ae1997cf1c,6d87eb79-2872-47d1-ae1b-4d9277bd2951,Customer 302,Class,2025-03-31,Confirmed,Gymnastics,Amanda Davis,14:00,120.00,135.28,N/A,N/A,Gymnastics,Class,customer302@example.com,001-132-3969
2fa88671-6bde-44da-8bec-f5865f7a2775,20040243-f5b8-47b6-8ec0-9d563658eec3,Customer 309,Class,2025-06-12,Confirmed,Art,Lisa Hensley,15:00,120.00,28.97,N/A,N/A,Art,Class,customer309@example.com,001-178-2660
580d8d63-77cb-401e-9ae7-f16262551713,1df7e090-bb8c-4d9b-84e4-89e6affad98f,Customer 310,Class,2025-05-17,Pending,Gymnastics,Unknown Instructor,14:00,120.00,283.34,N/A,N/A,Gymnastics,Facility,Not Provided,001-711-1824
81e65ba6-1d5a-4bfa-926b-27006646c212,2478fbe8-9ca2-4176-8cd5-17a59e33ae8c,Customer 43,Class,2025-06-07,Pending,Art,James Howard,11:00,90.00,261.97,N/A,N/A,Art,Class,customer43@example.com,001-441-2127
0d2467e4-f190-4caf-89ae-9005c087938b,1d26559a-cbba-4263-afcf-f2cf10dd5dbb,Customer 720,Birthday Party,2025-05-13,Pending,N/A,N/A,Unknown,0.00,177.1,Play Area,Princess,Play Area,Birthday Party,customer720@example.com,001-224-9016
ab8029cd-420a-47c1-a441-4354c9ee6622,dfb87234-793b-4500-b67d-e9fc7c4973cf,Customer 750,Birthday Party,2025-03-25,Pending,N/A,N/A,Unknown,0.00,255.41,Play Area,Sports,Play Area,Class,customer750@example.com,001-939-7549
0f2476d5-2d01-42ca-9c88-e95ff7cc7d26,448dabbd-abf1-493d-bd75-5c4964a2fe20,Customer 759,Birthday Party,2025-05-21,Pending,N/A,N/A,Unknown,0.00,259.07,Play Area,Sports,Play Area,Class,customer759@example.com,001-487-8649
7586646b-9e5f-4f3e-95cd-fb4b13cafba4,ca0def8a-16de-474b-9cd6-602810364029,Customer 744,Birthday Party,2025-06-06,Confirmed,N/A,N/A,09:00,120.00,159.03,Party Room,Superhero,Party Room,Birthday Party,customer744@example.com,001-628-1912
65025e93-6db2-44f3-a7ad-d28d9a910058,923d209a-121f-4cae-ab29-e8d525e54573,Customer 800,Birthday Party,2025-05-21,Confirmed,N/A,N/A,17:00,90.00,170.31,Play Area,No Theme Selected,Play Area,Birthday Party,customer800@example.com,Not Provided
e66caad7-3f01-454f-9e62-5d96236a7e18,56434c61-6ecb-4430-a0e2-9133171fa83b,Customer 605,Class,2025-04-02,Confirmed,Art,Amanda Davis,Unknown,83.06,159.03,N/A,N/A,Art,Facility,customer605@example.com,Not Provided
fcf106bd-8e65-441b-93b0-8aa56669d8d2,fc44f730-1e45-4570-a506-5789d6f23635,Customer 594,Class,2025-05-06,Pending,Gymnastics,Unknown Instructor,10:00,90.00,0,N/A,N/A,Gymnastics,Class,customer594@example.com,001-303-6223
aaa79e18-1480-4370-98fe-bf5478e306da,a22a1886-3234-467e-8f65-e449c36f61dd,Customer 597,Class,2025-05-06,Confirmed,Gymnastics,Unknown Instructor,16:00,90.00,120.52,N/A,N/A,Gymnastics,Facility,customer597@example.com,001-917-4406
7bcc8f0b-afad-4fd3-a908-bc631e6eec8e,bc5504de-2fad-4888-8e86-55324e060699,Customer 599,Class,2025-04-07,Confirmed,Dance,Amanda Davis,14:00,90.00,165.26,N/A,N/A,Dance,Class,customer599@example.com,001-756-5982
04d9c140-137c-4aab-800a-51dc6206cd7b,de0f7949-8ed6-4309-b549-6eb4c354f9d2,Customer 601,Class,2025-05-30,Pending,Dance,Lisa Hensley,12:00,120.00,231.46,N/A,N/A,Dance,Class,customer601@example.com,Not Provided
49522996-91a3-44c3-824a-c05936b83db7,20dc671f-ac7a-4e0d-b9a1-11b2e5b307fe,Customer 608,Class,2025-04-11,Pending,Gymnastics,Lisa Hensley,13:00,120.00,173.89,N/A,N/A,Gymnastics,Class,customer608@example.com,001-130-4097
51ce6de5-d209-485d-8a44-0627e3792a95,e1921bcd-503c-44ca-951d-24db055cdc73,Customer 615,Class,2025-03-31,Confirmed,Art,Lisa Hensley,09:00,45.00,76.87,N/A,N/A,Art,Class,customer615@example.com,001-387-6940
a0330476-b71d-45df-b051-79a0e15f3ad8,4093795c-68dc-4b9e-b4d5-837a63c3a3ab,Customer 618,Class,2025-05-17,Pending,Art,Amanda Davis,14:00,90.00,97.12,N/A,N/A,Art,Class,customer618@example.com,001-676-4808
fc08f166-7909-4615-afc7-2920c2c3a1eb,df1856d5-5a2a-4cac-aec0-8ed6e76bf38e,Customer 840,Class,2025-03-26,Confirmed,Art,Amanda Davis,10:00,90.00,94.05,N/A,N/A,Art,Class,customer840@example.com,001-364-2037
cffab3b0-2860-408b-a2f8-38fae0c3eb95,68ee3842-729b-455a-90f3-0c65fdd7c00e,Customer 842,Class,2025-03-28,Confirmed,Art,James Howard,12:00,45.00,102.21,N/A,N/A,Art,Class,customer842@example.com,001-957-3360
7ee75ef3-b338-43a0-b4d2-4726e24036bc,9c3ff5fb-8ee1-4e50-a34d-702b8f875a5b,Customer 843,Class,2025-04-04,Pending,Art,Amanda Davis,11:00,45.00,85.43,N/A,N/A,Art,Class,customer843@example.com,001-760-5571
a6804bff-8ecd-4ec9-bb3e-ac228495e1a3,db1ea822-51fb-44b4-9ff9-07b4a40aa785,Customer 980,Class,2025-06-18,Confirmed,Gymnastics,Amanda Davis,09:00,45.00,290.03,N/A,N/A,Gymnastics,Birthday Party,customer980@example.com,Not Provided
e5267d63-19a3-4a37-8cb4-991fd5a90387,9750d5f5-9dde-4475-8c81-6b760fde248c,Customer 982,Class,2025-05-29,Confirmed,Art,Amanda Davis,16:00,90.00,191.23,N/A,N/A,Art,Class,customer982@example.com,001-690-4531
f2d7117e-e561-440d-a026-30d0f3dd5c26,7de60f8f-ecc6-4daa-9c2a-942fbcdbc878,Customer 985,Class,2025-06-12,Confirmed,Art,James Howard,14:00,120.00,188.63,N/A,N/A,Art,Class,customer985@example.com,Not Provided
ab10f95d-6c9a-48de-911c-ba1c44e9a481,57d03fe6-eaed-4cda-ba49-b6b457e9026f,Customer 93,Birthday Party,2025-06-16,Confirmed,N/A,N/A,15:00,120.00,239.06,Party Room,No Theme Selected,Party Room,Birthday Party,customer93@example.com,001-348-6396
b503a10b-2e2f-4fd9-9782-58669766c6d2,04904f0c-1666-48ba-8fb7-92ffa34a2d3b,Customer 99,Birthday Party,2025-04-08,Pending,N/A,N/A,11:00,120.00,190.03,Party Room,No Theme Selected,Party Room,Birthday Party,customer99@example.com,001-873-6205
2d8181cc-9f66-44e4-9fc7-41f4ad4c1dcd,646f7d3e-3cb7-4995-a61f-fec099a04972,Customer 102,Birthday Party,2025-04-06,Pending,N/A,N/A,14:00,120.00,286.6,Party Room,Superhero,Party Room,Birthday Party,customer102@example.com,001-634-3565
549996d2-96c7-4b7d-859a-f981bbb413dc,86f95507-dcea-473d-8b58-986cc3624ef1,Customer 104,Birthday Party,2025-06-13,Pending,N/A,N/A,16:00,90.00,80.9,Play Area,Princess,Play Area,Birthday Party,customer104@example.com,001-102-5984
2569875f-3852-4053-98f4-7aa48226628c,e4f185dd-ebfe-4403-840e-f58d363f6ec0,Customer 110,Birthday Party,2025-05-03,Pending,N/A,N/A,16:00,120.00,71.98,Play Area,Superhero,Play Area,Birthday Party,customer110@example.com,001-899-4093
6ea920e3-20bd-4380-9830-59a23ba4c142,b36f235d-4ed6-4851-876f-917dbc514e99,Customer 117,Birthday Party,2025-05-10,Pending,N/A,N/A,16:00,120.00,278.4,Party Room,Superhero,Party Room,Birthday Party,customer117@example.com,Not Provided
7db0de88-fe69-4c18-8f00-ea7eaaa05c16,e2ff5cb7-be96-423b-a7b3-0f748b08a23b,Customer 828,Birthday Party,2025-05-19,Confirmed,N/A,N/A,11:00,90.00,137.88,Play Area,No Theme Selected,Play Area,Birthday Party,customer828@example.com,001-459-6886
25956a88-236b-4385-93c6-927fc5c92a45,d52652e7-476d-418b-ad64-3482d85b3e12,Customer 831,Birthday Party,2025-04-27,Confirmed,N/A,N/A,17:00,45.00,50.45,Play Area,Princess,Play Area,Facility,customer831@example.com,001-481-8748
c8c3f3fc-fafc-4585-8364-8b251c0b57f5,c8871e1b-8c0e-4ae5-a11e-e86058d90b1a,Customer 833,Birthday Party,2025-04-10,Confirmed,N/A,N/A,12:00,90.00,84.4,Play Area,No Theme Selected,Play Area,Birthday Party,customer833@example.com,001-837-2459
69744355-a4bb-4b70-b56e-41f178550504,5c33f509-0ca1-42bd-9ba6-1f9c7843de53,Customer 838,Birthday Party,2025-06-19,Pending,N/A,N/A,12:00,45.00,59.2,Play Area,Princess,Play Area,Birthday Party,customer838@example.com,001-182-6248
f3c3e016-0ec2-46f1-90ae-6194703e396b,86059181-dbb9-41d6-8d8e-c3c67676fbb9,Customer 846,Birthday Party,2025-04-07,Pending,N/A,N/A,17:00,120.00,15.41,Party Room,No Theme Selected,Party Room,Birthday Party,Not Provided,001-840-3652
6cfa0453-2ed8-4ac5-b3ec-d28f14703dc1,368410c3-cd61-4964-982d-4cf59dfd2689,Customer 440,Class,2025-06-16,Pending,Art,James Howard,16:00,45.00,181.88,N/A,N/A,Art,Birthday Party,customer440@example.com,001-398-5020
7b6d8bc8-7a91-4e49-a3b3-201b2f924e81,fb33cb3d-51a0-43a1-8479-9fe1036c16f0,Customer 636,Class,2025-06-12,Confirmed,Art,Amanda Davis,11:00,90.00,202.84,N/A,N/A,Art,Class,customer636@example.com,001-108-5626
cfb52689-992a-4ee7-aae9-9d81c92d5622,f220faaa-644f-4538-b58f-4bc2df191c0f,Customer 641,Class,2025-05-07,Confirmed,Art,Unknown Instructor,16:00,90.00,19.34,N/A,N/A,Art,Class,customer641@example.com,001-167-7297
b01fa52c-b063-432e-a0fa-f457f0560624,97cff51e-977f-4853-add9-5170396825c5,Customer 986,Class,2025-05-15,Confirmed,Gymnastics,James Howard,16:00,120.00,63.87,N/A,N/A,Gymnastics,Class,customer986@example.com,001-836-2200
47ed703d-5a43-4155-825f-6713a636877d,ba8b4ad5-9a21-41a3-8a43-c16a0b51eaae,Customer 993,Class,2025-06-10,Pending,Gymnastics,Lisa Hensley,12:00,45.00,120.1,N/A,N/A,Gymnastics,Facility,customer993@example.com,001-601-3902
73d48a88-6115-4fed-9b4e-a42a9d392713,b694aefb-8cbf-47fe-8d5b-aa71ce08fb59,Customer 994,Class,2025-05-25,Pending,Art,Lisa Hensley,13:00,90.00,0,N/A,N/A,Art,Class,customer994@example.com,001-554-3840
8ae357a5-5860-4a35-bd7a-8fc56e67f163,c190430a-ebf4-4951-8899-4faa1170de75,Customer 995,Class,2025-05-17,Pending,Gymnastics,Lisa Hensley,16:00,45.00,141.7,N/A,N/A,Gymnastics,Class,customer995@example.com,001-723-6984
e4e512be-1138-41ea-9ff2-e4b57d23e9dc,5267e42c-7f8e-4763-be6f-76bf076c0bc5,Customer 544,Facility,2025-05-07,Pending,N/A,N/A,09:00,45.00,112.68,Play Area,N/A,Play Area,Class,customer544@example.com,001-516-6329
2be9888c-d2d4-494b-b543-8d059c1aa931,119d4a60-3636-482f-b1ac-ea538a7ee567,Customer 545,Facility,2025-05-05,Pending,N/A,N/A,12:00,90.00,60.74,Play Area,N/A,Play Area,Facility,customer545@example.com,001-705-1401
5fe99c69-f95a-46f6-b3d5-8c2167a37f58,ff23bf14-e9dc-4f0b-94d0-afcd125b8b0b,Customer 547,Facility,2025-05-27,Confirmed,N/A,N/A,09:00,120.00,193.34,Play Area,N/A,Play Area,Facility,customer547@example.com,001-822-9132
11584459-b77a-4d18-89b5-81c2395d793b,75468b5f-174d-462b-9c43-40d74f2f3164,Customer 347,Class,2025-05-26,Confirmed,Art,Unknown Instructor,Unknown,83.06,291.39,N/A,N/A,Art,Class,customer347@example.com,Not Provided
69c790e2-b052-48c7-ac4d-b06e341f55a8,877b77c8-129f-4259-9500-1db33c3f8a6a,Customer 371,Class,2025-04-15,Pending,Art,Amanda Davis,Unknown,0.00,155.98,N/A,N/A,Art,Facility,customer371@example.com,001-215-1688
dd52456a-ec5e-440c-a383-1fc0562d6c9e,23da519e-86ad-46c3-9a18-56d3b3ff793b,Customer 357,Class,2025-04-19,Confirmed,Gymnastics,Lisa Hensley,15:00,90.00,159.03,N/A,N/A,Gymnastics,Class,customer357@example.com,Not Provided
94ab3da2-27bf-491a-885d-360175af29aa,65d514b1-e7dc-49b2-9128-5cf7ad885c12,Customer 342,Class,2025-06-07,Pending,Gymnastics,Amanda Davis,12:00,90.00,72.47,N/A,N/A,Gymnastics,Class,customer342@example.com,001-527-7749
9077aa42-1504-4a20-ab1d-a38a1efa2559,4f3ceb41-541a-415c-9045-b6e3a82085ce,Customer 345,Class,2025-05-15,Pending,Gymnastics,James Howard,10:00,45.00,270.23,N/A,N/A,Gymnastics,Facility,customer345@example.com,001-361-5024
4d14a4e0-f8f6-4408-b0f2-91df5c6153b5,811db648-3b63-459b-b282-74ea069d0b87,Customer 359,Class,2025-04-05,Pending,Dance,Amanda Davis,15:00,90.00,291.48,N/A,N/A,Dance,Facility,customer359@example.com,001-182-9274
ef2229e2-83c1-4486-9c89-6708eed1ebc0,d7bf1f6d-fcfd-4f9c-9e36-9ec97bc593fd,Customer 83,Birthday Party,2025-04-08,Pending,N/A,N/A,Unknown,0.00,146.2,Play Area,Sports,Play Area,Birthday Party,customer83@example.com,001-403-6772
ef2a7188-d080-4389-8913-0a5f516843ea,1a012066-652d-45fc-bdc4-7388770a4b05,Customer 649,Class,2025-04-29,Pending,Art,Unknown Instructor,14:00,45.00,93.74,N/A,N/A,Art,Class,Not Provided,001-725-8481
81ea8026-57bc-4d4e-a2a1-f9f931d67ca4,2044e345-1f40-4ea0-8b39-cf5a8e4a6baa,Customer 650,Class,2025-05-24,Pending,Gymnastics,Amanda Davis,11:00,90.00,210.95,N/A,N/A,Gymnastics,Class,customer650@example.com,001-185-7410
1b89d39d-8aad-441a-95e5-b257018a649c,7c923c6c-4953-49e7-8486-9911abfd7c3a,Customer 676,Class,2025-05-13,Pending,Gymnastics,James Howard,09:00,90.00,159.06,N/A,N/A,Gymnastics,Class,customer676@example.com,001-677-2444
2743504f-2541-4a41-9d8e-5c360da6d542,fd8ce5d9-865d-4334-9479-ed4214ca8dc6,Customer 687,Class,2025-04-05,Confirmed,Gymnastics,Lisa Hensley,14:00,90.00,40.2,N/A,N/A,Gymnastics,Facility,customer687@example.com,001-316-5130
302c629c-de6c-4025-9b66-38896572473d,e086c3b2-4622-4dea-961e-cf9d6264e88b,Customer 689,Class,2025-05-03,Confirmed,Dance,Unknown Instructor,11:00,120.00,19.84,N/A,N/A,Dance,Facility,customer689@example.com,001-147-7707
6cca14e5-17dc-4d51-ad2d-babaaeddc2d2,4f8fe739-c718-4bbe-a3ed-fe6dc14d9574,Customer 691,Class,2025-05-07,Pending,Art,Unknown Instructor,09:00,45.00,146.01,N/A,N/A,Art,Birthday Party,Not Provided,001-773-3161
1a394edd-a485-441d-b73d-493e838d95e2,494516fd-b26b-49d1-9fa8-0c51ab8422ce,Customer 698,Class,2025-06-21,Pending,Art,Amanda Davis,17:00,120.00,188.64,N/A,N/A,Art,Class,customer698@example.com,001-387-4470
d46f7f86-119b-4941-8322-8d07adbb50a1,840e3aa1-49ef-4d12-a436-14b105e2377d,Customer 699,Class,2025-05-13,Pending,Dance,Lisa Hensley,15:00,120.00,36.04,N/A,N/A,Dance,Class,customer699@example.com,001-973-6361
04fd7437-6029-45cc-b826-cc24b5879973,4eefee17-e529-42c8-b7bc-06f1b384b16c,Customer 702,Class,2025-06-09,Confirmed,Dance,Unknown Instructor,13:00,45.00,125.66,N/A,N/A,Dance,Birthday Party,customer702@example.com,001-352-1122
953f6107-61e7-4e48-886b-1bfc7a9be0d0,d926cd2d-c7e1-4cd1-9f9d-e3506391c8d7,Customer 707,Class,2025-04-16,Pending,Dance,Unknown Instructor,17:00,120.00,233.66,N/A,N/A,Dance,Facility,customer707@example.com,001-580-2720
62ca57c7-3054-41d4-903d-813559cb4c61,f87c1106-050b-4400-a931-c8297dc02ea7,Customer 715,Class,2025-06-09,Confirmed,Gymnastics,Amanda Davis,16:00,120.00,111,N/A,N/A,Gymnastics,Facility,customer715@example.com,001-326-2604
fb6a19f3-0756-472d-b3bb-2c69eb566437,734aa9a3-e5d5-4533-be9d-a1de7a6c080c,Customer 137,Birthday Party,2025-06-13,Pending,N/A,N/A,Unknown,0.00,35.19,Party Room,Sports,Party Room,Birthday Party,customer137@example.com,001-228-1498
2a7edf45-56ea-46cd-a794-d9438ca6a50b,5205dabc-66bf-451a-9623-beef19e3d852,Customer 123,Birthday Party,2025-06-14,Confirmed,N/A,N/A,11:00,45.00,159.03,Play Area,Sports,Play Area,Facility,Not Provided,001-741-7405
2a1113de-1b99-4a4b-b240-977381cd0eae,be76ee08-2c1e-4d94-b683-02aefa97e4e1,Customer 179,Birthday Party,2025-03-30,Pending,N/A,N/A,13:00,120.00,279.47,Party Room,Sports,Party Room,Birthday Party,customer179@example.com,001-412-8159
b132574f-f6f5-43a9-8f62-3f87de267713,cba95db6-5fd6-43c1-b78d-7af912a6a996,Customer 384,Class,2025-06-03,Confirmed,Gymnastics,James Howard,12:00,90.00,210,N/A,N/A,Gymnastics,Class,customer384@example.com,Not Provided
5197604a-fc9d-449d-8fd5-9dea3af50b39,83fa720a-53e2-44ed-90c8-f3a42e80ceec,Customer 390,Class,2025-04-05,Pending,Art,Lisa Hensley,15:00,90.00,120.34,N/A,N/A,Art,Birthday Party,customer390@example.com,001-538-6476
e7db9cfd-9770-4892-8266-84e34716f182,e7ec32a6-5e9b-4f8e-9857-bb2185e38413,Customer 391,Class,2025-04-28,Confirmed,Art,Lisa Hensley,11:00,90.00,151.25,N/A,N/A,Art,Class,customer391@example.com,001-320-6006
13a6b68c-c0b1-4bb4-a253-8ee926170515,775a557a-e2a9-45fc-9d87-704c60c7ae86,Customer 392,Class,2025-05-31,Pending,Dance,James Howard,12:00,120.00,210.05,N/A,N/A,Dance,Class,customer392@example.com,001-254-7288
3d33e190-1fec-47ff-847e-ab16dd62ff04,a8766679-75c8-4239-87f1-3741c1100310,Customer 114,Class,2025-05-24,Confirmed,Dance,James Howard,10:00,90.00,104.25,N/A,N/A,Dance,Class,customer114@example.com,001-122-7383
b38aad12-e989-4b66-94d1-f91440d8f298,098f8be2-189b-4168-80af-415c4e91c1fb,Customer 119,Class,2025-05-21,Confirmed,Dance,Unknown Instructor,16:00,120.00,184.39,N/A,N/A,Dance,Facility,customer119@example.com,001-986-5562
6223d5ed-2c54-4ea2-a168-64264f2eb89f,41a919e6-f4d3-48cb-8bba-9953f23d1e91,Customer 184,Birthday Party,2025-04-13,Confirmed,N/A,N/A,11:00,45.00,24.28,Party Room,Superhero,Party Room,Class,customer184@example.com,001-611-9719
a4c42280-76ef-4e10-a6d9-bab7d928593e,81782a41-1af5-4916-8588-dafa32bec026,Customer 191,Birthday Party,2025-04-15,Pending,N/A,N/A,09:00,45.00,131.73,Play Area,Sports,Play Area,Birthday Party,customer191@example.com,001-754-8745
b486121a-0ef8-4d49-a84e-94914a8c2f95,5236d0f0-e496-4997-bb37-4a9e48e77f30,Customer 192,Birthday Party,2025-05-05,Confirmed,N/A,N/A,16:00,120.00,113.2,Play Area,Superhero,Play Area,Class,customer192@example.com,001-394-2286
ff20ff88-7e09-4a96-994e-b16444c77c0a,9f010ce2-9fed-4ce1-a589-3cf8a937e575,Customer 865,Birthday Party,2025-05-18,Pending,N/A,N/A,12:00,45.00,181.06,Play Area,Princess,Play Area,Class,customer865@example.com,001-305-2452
3cece97c-c69a-4d44-800c-4aee6c941e0c,e68b4a1d-d27e-4cd0-ae5d-785ec32657b2,Customer 877,Birthday Party,2025-04-28,Confirmed,N/A,N/A,09:00,45.00,115.49,Play Area,Princess,Play Area,Birthday Party,customer877@example.com,001-939-1111
c9d30dac-a166-4482-9d59-4157083f29df,ea4f82e6-8c43-4d2a-bdea-fac02d010bfb,Customer 881,Birthday Party,2025-06-13,Confirmed,N/A,N/A,10:00,45.00,88.54,Play Area,Superhero,Play Area,Birthday Party,customer881@example.com,001-909-7640
ab2e2247-99cc-41c1-934d-cd753f29ecc8,98911653-2c0b-45e8-bbaf-71123dcdc819,Customer 885,Birthday Party,2025-05-03,Confirmed,N/A,N/A,10:00,90.00,258.03,Play Area,Superhero,Play Area,Class,customer885@example.com,Not Provided
0dba037d-dede-4a45-ae63-e50a701c5d59,b89fd0c2-0306-41d8-8aae-a123bf173415,Customer 886,Birthday Party,2025-04-27,Pending,N/A,N/A,15:00,90.00,202.46,Party Room,Superhero,Party Room,Birthday Party,customer886@example.com,001-703-3638
0cce44f9-1acb-4524-9592-ba8fd7aab986,11ebf38e-1f0a-4fb2-96d2-258e1f67a572,Customer 892,Birthday Party,2025-03-26,Confirmed,N/A,N/A,16:00,120.00,195.16,Play Area,Princess,Play Area,Birthday Party,customer892@example.com,Not Provided
c4e29984-fdb6-4992-bf99-aec6ae223855,4083c556-8a5a-4d17-b95b-13752937ac44,Customer 893,Birthday Party,2025-04-08,Confirmed,N/A,N/A,11:00,120.00,16.93,Party Room,Princess,Party Room,Birthday Party,customer893@example.com,001-915-5404
1fde3941-c3f8-4545-9567-3cb10442fecd,0a5ae4eb-e1f6-46bb-b23f-dcc5fff98e82,Customer 121,Class,2025-05-07,Pending,Gymnastics,Unknown Instructor,09:00,45.00,53.49,N/A,N/A,Gymnastics,Facility,customer121@example.com,001-894-1227
7fd1bd53-9e13-4b30-a7a4-b07eb5485534,d4eaa685-9b89-411f-a931-271ff36fa6cf,Customer 199,Birthday Party,2025-04-03,Pending,N/A,N/A,10:00,90.00,228.87,Party Room,Princess,Party Room,Birthday Party,customer199@example.com,001-516-4741
48518491-ac43-4814-9bfc-55e32f65c262,e815f7dd-55d8-4f9c-b72a-b93476bd78d7,Customer 202,Birthday Party,2025-06-10,Pending,N/A,N/A,09:00,90.00,32.4,Party Room,No Theme Selected,Party Room,Birthday Party,customer202@example.com,001-507-6537
69b62451-f2ce-42ee-884d-4d7c78a9de33,a50ce0de-d6bd-4cb3-98f7-9e5fae6da00b,Customer 895,Birthday Party,2025-04-02,Confirmed,N/A,N/A,13:00,90.00,154.85,Party Room,Superhero,Party Room,Birthday Party,customer895@example.com,001-780-8413
b66ae403-182a-40cb-b9a4-54a34c918769,818203a1-7910-4372-abf3-d9a7aa0edaeb,Customer 59,Class,2025-05-10,Confirmed,Gymnastics,James Howard,13:00,120.00,159.03,N/A,N/A,Gymnastics,Birthday Party,customer59@example.com,001-424-2549
fa3ec692-c258-4f3e-a003-7a0c17054e50,6100aefd-3928-47ff-bc15-acef27d21746,Customer 128,Class,2025-05-18,Confirmed,Art,Amanda Davis,15:00,90.00,23.8,N/A,N/A,Art,Facility,customer128@example.com,001-707-4588
0e3ea908-6bdf-4e22-b783-f7fa843f6d21,c737ec49-6469-45c9-969b-971542977437,Customer 827,Birthday Party,2025-04-29,Pending,N/A,N/A,Unknown,0.00,186.55,Play Area,No Theme Selected,Play Area,Class,customer827@example.com,001-131-3581
379044e7-d1e9-44ce-9bcc-a76964d29d67,d1a04991-e4c2-40a6-a2d4-a637c4e87690,Customer 158,Class,2025-06-20,Pending,Art,James Howard,15:00,120.00,16.93,N/A,N/A,Art,Facility,customer158@example.com,001-127-5723
13a0e713-d8c3-4585-bb8a-46ecd7b25de0,4d5f6135-a649-4f3e-8966-fbd70d041608,Customer 161,Class,2025-04-01,Pending,Art,Amanda Davis,10:00,45.00,33.24,N/A,N/A,Art,Birthday Party,customer161@example.com,001-303-1946
a00b20ee-d50a-4c02-ac14-143a26e4ec78,80cfd0b7-6b84-4e9c-88dd-1865d202d579,Customer 163,Class,2025-06-12,Pending,Art,Amanda Davis,16:00,90.00,230.21,N/A,N/A,Art,Class,customer163@example.com,001-457-1046
e90c7bc3-76d9-4063-a987-7ef628b0ee89,b3f9c086-6cf3-4f9b-9881-0d10b619b2c0,Customer 169,Class,2025-03-27,Confirmed,Dance,Lisa Hensley,09:00,45.00,220.18,N/A,N/A,Dance,Class,Not Provided,001-845-8333
ab8e1bb4-1268-4983-a726-99144a1fcb13,a0e06a2f-fe55-44e2-adbe-c2fa8efe3bf3,Customer 7,Facility,2025-05-18,Pending,N/A,N/A,Unknown,0.00,161.82,Party Room,N/A,Party Room,Class,Not Provided,001-657-3648
cd0a7bc7-084f-40d5-882a-69f8c24eb931,2a346acf-c7b0-4e43-87df-d900aeb2db97,Customer 140,Facility,2025-05-01,Pending,N/A,N/A,Unknown,0.00,150.5,Party Room,N/A,Party Room,Facility,customer140@example.com,001-583-6717
3673c31c-a475-451d-8845-e292e0caad99,dd14a25d-9648-40fd-b007-f460387725d1,Customer 141,Facility,2025-06-22,Pending,N/A,N/A,Unknown,0.00,34.98,Play Area,N/A,Play Area,Birthday Party,customer141@example.com,001-787-8904
d23c6dc4-eca4-43f4-9c8d-0dfb1467c342,05f64342-dab6-442f-bafc-73dfc88eea35,Customer 430,Class,2025-06-01,Pending,Dance,Amanda Davis,Unknown,0.00,0,N/A,N/A,Dance,Facility,customer430@example.com,001-740-4032
c182d6c8-6c8a-48e9-8f35-ce6d2609c9b4,ac927c9b-3364-4e21-a626-f5f0436cc5be,Customer 424,Class,2025-04-07,Confirmed,Art,James Howard,14:00,120.00,163.51,N/A,N/A,Art,Class,customer424@example.com,001-654-8996
fcdab0d8-695b-4dad-af8d-80abea054306,416a3e45-f692-43d2-8125-ff19477563b3,Customer 426,Class,2025-04-16,Pending,Dance,Lisa Hensley,15:00,90.00,0,N/A,N/A,Dance,Class,customer426@example.com,001-610-7603
e7fbaf87-b21c-44ae-ab1f-c8a920d944e5,786da01c-870c-4e00-9869-842fa9527035,Customer 717,Class,2025-04-28,Confirmed,Art,Amanda Davis,13:00,45.00,53.25,N/A,N/A,Art,Class,customer717@example.com,001-703-8382
7c4f24b3-1222-4a16-b015-485522343a76,dcde8d44-6b6e-4255-8989-3c4280d97243,Customer 239,Facility,2025-04-13,Pending,N/A,N/A,13:00,120.00,79.23,Play Area,N/A,Play Area,Facility,customer239@example.com,001-917-6676
11c0449d-bd16-4c6a-a687-c735f46d4971,c8892291-9867-4ea2-9040-2b4e9689df71,Customer 241,Facility,2025-04-21,Confirmed,N/A,N/A,11:00,45.00,81.3,Play Area,N/A,Play Area,Birthday Party,customer241@example.com,001-595-7338
242ce38f-e482-495e-b1a0-cff5d6f5ed7f,9ca3e73a-0c3a-4018-af44-3b2104eecaba,Customer 254,Facility,2025-04-05,Confirmed,N/A,N/A,11:00,90.00,197.9,Play Area,N/A,Play Area,Birthday Party,customer254@example.com,001-504-7934
01a888d7-111f-47a4-b26d-26c64ea671b2,eed26180-f7a6-44a3-a638-1324749ca010,Customer 260,Facility,2025-05-20,Pending,N/A,N/A,14:00,90.00,35.53,Play Area,N/A,Play Area,Facility,customer260@example.com,001-959-4294
0afef75b-a4d7-430d-af4e-3c436ab4e672,68b30877-7597-41bf-9df5-50dfb7a0a883,Customer 432,Class,2025-05-13,Pending,Art,Amanda Davis,13:00,120.00,124.9,N/A,N/A,Art,Birthday Party,customer432@example.com,001-934-5424
8c8ba606-254d-4c58-8b69-22ceabf0bfd0,83b2fb40-d4ff-4f58-9277-3ecc6654eee9,Customer 437,Class,2025-05-02,Confirmed,Gymnastics,James Howard,16:00,90.00,177.27,N/A,N/A,Gymnastics,Class,Not Provided,001-368-6358
72903e32-86aa-4fe5-a08b-949a73bd363e,d4c35753-4cb0-4bcf-bf1c-a2e84fb36297,Customer 186,Birthday Party,2025-04-21,Pending,N/A,N/A,Unknown,0.00,183.95,Play Area,Princess,Play Area,Class,customer186@example.com,001-730-1717
6065bb34-7d32-466c-87b9-d0a1e6484455,2c36e844-fcf5-4ec7-812e-e02b8f3c114c,Customer 194,Birthday Party,2025-05-23,Confirmed,N/A,N/A,17:00,90.00,159.03,Play Area,No Theme Selected,Play Area,Class,customer194@example.com,001-410-1664
25977139-de50-499d-b874-79156ff53936,2d6cc120-c9ba-4184-a3aa-d70927762166,Customer 425,Birthday Party,2025-03-29,Confirmed,N/A,N/A,14:00,90.00,222.33,Party Room,Sports,Party Room,Birthday Party,Not Provided,Not Provided
9472a728-5084-48e7-8e15-839be2ddb139,2332532d-6091-4cfb-82c9-d208fdf2979f,Customer 200,Class,2025-04-04,Pending,Art,James Howard,09:00,45.00,38.67,N/A,N/A,Art,Birthday Party,customer200@example.com,001-276-5557
109594d4-f790-4a29-ac72-1ca704463424,c96abafd-f6eb-4017-bbc5-0acacc6d1ae3,Customer 210,Class,2025-04-15,Pending,Dance,Lisa Hensley,13:00,45.00,245.31,N/A,N/A,Dance,Facility,customer210@example.com,001-588-8035
6545eb4d-8bc1-49e3-8969-75c77a096b60,15c70086-4566-4cef-a73e-892c29bab5b5,Customer 212,Class,2025-06-05,Confirmed,Art,Lisa Hensley,15:00,90.00,196.32,N/A,N/A,Art,Class,customer212@example.com,001-744-5499
fa1cbd55-5998-4e7b-833f-a7df9513f66e,1223d418-60ce-4836-8d46-87fd0fa1a4a0,Customer 168,Class,2025-05-09,Pending,Gymnastics,Amanda Davis,Unknown,0.00,211.3,N/A,N/A,Gymnastics,Facility,customer168@example.com,001-891-4634
d07d698c-6ca6-43f6-aa8d-e8d5b87dd8d7,13fc1ad9-cb79-470e-8974-77e58c29c2e4,Customer 198,Class,2025-05-07,Confirmed,Art,Lisa Hensley,16:00,45.00,159.03,N/A,N/A,Art,Class,customer198@example.com,001-368-8147
019319c9-3af1-4f05-b2e4-6b6b0cd9a254,86bafd64-cc31-4f23-a8e7-ede3a67a866e,Customer 206,Class,2025-05-01,Confirmed,Gymnastics,Unknown Instructor,12:00,45.00,159.03,N/A,N/A,Gymnastics,Class,customer206@example.com,001-721-9073
26156cf1-2557-4e52-ba34-d740f5ac5ba6,a81df128-c8cd-4d46-b41e-2c3857bd3d21,Customer 55,Facility,2025-04-01,Confirmed,N/A,N/A,16:00,120.00,257.25,Party Room,N/A,Party Room,Facility,customer55@example.com,001-334-9674
c694e1b2-3a80-4cc8-8a95-cc3a0d7b780c,04c8b8d9-2a3a-4ef3-8b67-ec1f58ae6b1e,Customer 56,Facility,2025-05-04,Confirmed,N/A,N/A,17:00,90.00,90.65,Play Area,N/A,Play Area,Facility,customer56@example.com,001-208-3763
ed5e4e03-ddc9-42ec-9821-4899be44c7a7,f5a121f5-b25d-402b-b512-9d3000fd786d,Customer 221,Birthday Party,2025-06-04,Pending,N/A,N/A,09:00,45.00,216.99,Party Room,Superhero,Party Room,Class,customer221@example.com,001-293-7780
d73238e7-dfcb-467f-b0cf-c59f3f23b057,0ccde063-f4ac-4710-9413-7cdb2485a26c,Customer 57,Facility,2025-05-05,Confirmed,N/A,N/A,12:00,90.00,98.84,Party Room,N/A,Party Room,Facility,customer57@example.com,Not Provided
680e8845-dc76-48ca-a38e-2f75a9871e85,5b78c7fd-3d18-4758-8b93-f74d846da291,Customer 58,Facility,2025-06-07,Confirmed,N/A,N/A,12:00,90.00,272.82,Play Area,N/A,Play Area,Birthday Party,customer58@example.com,001-204-3170
6d00397b-3110-4243-936a-2187ed200fea,aac7a646-16cb-4206-a11c-0654d7b79509,Customer 63,Facility,2025-04-25,Pending,N/A,N/A,14:00,90.00,52.33,Play Area,N/A,Play Area,Facility,customer63@example.com,001-738-5791
1ef6513e-a769-476d-b6be-1d81c1ee7cea,f880d2f2-bc02-4797-a39a-41412f2a8746,Customer 873,Facility,2025-04-09,Pending,N/A,N/A,16:00,45.00,33.28,Party Room,N/A,Party Room,Facility,customer873@example.com,001-871-8843
f2aae869-7fd4-4d7c-98df-679c29fe6595,b970f52d-6fbd-4271-bf00-dcfceba49312,Customer 506,Class,2025-04-24,Pending,Gymnastics,James Howard,14:00,120.00,200.33,N/A,N/A,Gymnastics,Class,customer506@example.com,001-551-9278
d97b6926-2aa2-4aef-adad-476695f75412,c5144c06-fdec-414b-aaa1-5bdc9b6728b4,Customer 526,Class,2025-05-15,Pending,Gymnastics,Lisa Hensley,11:00,90.00,210.05,N/A,N/A,Gymnastics,Class,customer526@example.com,001-223-8546
0290f232-0de9-45f9-af05-fde617aca173,eadfb1da-5f88-4731-a379-7bc8e4049413,Customer 276,Facility,2025-06-09,Pending,N/A,N/A,15:00,90.00,246.07,Play Area,N/A,Play Area,Facility,customer276@example.com,001-955-2135
bcc78cc0-2c69-49db-9ca9-ea2d01a2a0d5,ab087b54-deb2-4f35-b4ff-19e2e392ed0d,Customer 875,Facility,2025-04-10,Pending,N/A,N/A,12:00,45.00,197.37,Play Area,N/A,Play Area,Facility,customer875@example.com,001-287-3870
8d9ca5d9-2b1a-430a-b218-3df65b4db3e7,4abd9438-73a4-4c1b-9b93-5d70b91f822c,Customer 480,Class,2025-06-13,Pending,Dance,Unknown Instructor,14:00,45.00,47.35,N/A,N/A,Dance,Class,customer480@example.com,001-296-4030
75393759-b661-4da2-b971-84a23c6f67e6,92e6269a-c6d9-4e29-8e8c-b785a2323e91,Customer 236,Birthday Party,2025-04-09,Pending,N/A,N/A,09:00,120.00,0,Play Area,Princess,Play Area,Birthday Party,customer236@example.com,001-123-7500
126d86dc-7fa9-45dd-833c-e3e1abb9512e,6c298c36-e5aa-4840-8c35-ffefd2a25431,Customer 240,Birthday Party,2025-04-02,Pending,N/A,N/A,09:00,45.00,224.86,Party Room,Sports,Party Room,Birthday Party,customer240@example.com,001-598-7040
a551dbba-0192-41e3-8ca7-74bc722628fa,76212154-22a6-4cee-80f6-1d529529b808,Customer 243,Birthday Party,2025-04-05,Confirmed,N/A,N/A,17:00,120.00,292.66,Play Area,No Theme Selected,Play Area,Birthday Party,customer243@example.com,001-467-6091
831a3f16-d5ce-4488-8a0f-16f75b98e4c9,9e60c147-ed8f-4888-8bc0-5c0a9736dc50,Customer 488,Class,2025-05-17,Pending,Gymnastics,James Howard,14:00,45.00,91.89,N/A,N/A,Gymnastics,Birthday Party,Not Provided,001-735-4650
742cb055-5891-4a47-ba0d-c9ef6f09f73a,d1954fa6-74c2-4d1c-a685-f82323c9e6ce,Customer 490,Class,2025-03-28,Confirmed,Gymnastics,James Howard,12:00,120.00,96.12,N/A,N/A,Gymnastics,Class,customer490@example.com,001-337-5393
946bc347-7a49-48c7-aed3-0072fe34d98d,f124596a-1cc5-4584-ab29-133381da535c,Customer 494,Class,2025-04-19,Pending,Dance,Lisa Hensley,16:00,90.00,243.28,N/A,N/A,Dance,Class,Not Provided,Not Provided
3a46bbea-9707-4969-9100-a6d237aab21a,bdc570f1-21cd-4413-a172-16df13321e8b,Customer 496,Class,2025-04-25,Confirmed,Dance,Amanda Davis,11:00,90.00,297.19,N/A,N/A,Dance,Birthday Party,customer496@example.com,001-741-8075
ef6fb999-60be-41cd-b42d-0bb9fdb6b772,6ef20557-965c-4786-b370-0a31c1fb026c,Customer 497,Class,2025-06-04,Confirmed,Gymnastics,James Howard,13:00,90.00,120.8,N/A,N/A,Gymnastics,Class,customer497@example.com,001-917-1228
52d60d00-9c85-4f8e-9b28-4ae9d77e07fa,df29fac0-e83c-4f41-be5f-eb1420156e8c,Customer 118,Facility,2025-04-07,Pending,N/A,N/A,15:00,90.00,249.19,Party Room,N/A,Party Room,Birthday Party,customer118@example.com,001-171-5845
ab7b32a1-0c6f-4d0a-954d-ae32eca8b717,ed630142-a952-418d-af1d-6ab42ff4830e,Customer 129,Facility,2025-06-05,Pending,N/A,N/A,17:00,120.00,212.28,Party Room,N/A,Party Room,Facility,customer129@example.com,001-938-7617
2bb844a9-2b47-4ac5-adde-8c9d5491de9f,f3d1e339-241a-427d-822f-a69598a7588a,Customer 244,Birthday Party,2025-03-25,Pending,N/A,N/A,10:00,45.00,124.41,Party Room,No Theme Selected,Party Room,Birthday Party,customer244@example.com,001-588-4229
cf6f3bd9-1bf1-40fa-ae7d-31db72e285ea,853de2c7-e297-491c-80d3-3d931ee5b514,Customer 245,Birthday Party,2025-05-05,Pending,N/A,N/A,09:00,120.00,258.61,Play Area,Superhero,Play Area,Class,customer245@example.com,001-232-2384
ca57ee9a-cf98-4786-9a13-63f0534ca6e9,2b80757e-0558-4603-9237-e3a98aaf1731,Customer 248,Birthday Party,2025-05-25,Pending,N/A,N/A,12:00,45.00,0,Play Area,Princess,Play Area,Birthday Party,customer248@example.com,001-490-6340
040fce1d-5ae8-4972-b20d-644313ef07cf,09179d7e-5395-4afa-848b-83844085d896,Customer 249,Birthday Party,2025-05-17,Confirmed,N/A,N/A,15:00,45.00,100.24,Party Room,Princess,Party Room,Birthday Party,customer249@example.com,001-488-4303
9422f40f-9e5d-40a2-bc33-f328ab00ce41,139e8f7b-2b4f-46f3-af43-98dd9cb03f0b,Customer 829,Birthday Party,2025-04-14,Pending,N/A,N/A,Unknown,0.00,39.93,Party Room,No Theme Selected,Party Room,Birthday Party,customer829@example.com,001-266-9194
49996f7e-16f1-4855-b106-343d75a9f7d0,f47ddf6b-d91b-4219-bad4-9b447646f21e,Customer 866,Birthday Party,2025-05-24,Pending,N/A,N/A,Unknown,0.00,290.35,Play Area,Superhero,Play Area,Birthday Party,customer866@example.com,001-675-5144
f97527f6-0ddb-497a-9e76-4bda1d01b182,ca93e8e2-74a9-4887-8588-32f6483dcb39,Customer 879,Facility,2025-03-27,Pending,N/A,N/A,09:00,45.00,0,Play Area,N/A,Play Area,Facility,Not Provided,Not Provided
262f8686-b181-4dfb-b47b-c5df0e13d83c,7d5321fe-ef1d-4219-af80-16e4c708778a,Customer 987,Facility,2025-04-24,Pending,N/A,N/A,09:00,120.00,102.88,Play Area,N/A,Play Area,Facility,Not Provided,001-801-4091
279d92c6-ce26-47c0-8915-e45b77fe20e2,00901ce3-3d86-4c97-bca2-40ccac2fb99f,Customer 1,Facility,2025-05-30,Pending,N/A,N/A,10:00,90.00,42.74,Party Room,N/A,Party Room,Facility,customer1@example.com,001-730-9034
2bbcca42-5be4-4af9-806f-e50b5699b033,f0470acb-66f6-4ccb-b82f-31ae2672d9d0,Customer 284,Facility,2025-04-10,Pending,N/A,N/A,15:00,120.00,293.64,Party Room,N/A,Party Room,Birthday Party,Not Provided,001-445-2066
923bdc16-1b78-4250-8c6f-1de5a361a65a,60736e6a-bdbd-4970-acea-670c5318e442,Customer 222,Birthday Party,2025-04-05,Confirmed,N/A,N/A,16:00,120.00,159.03,Play Area,Superhero,Play Area,Class,Not Provided,001-557-1433
168a27dc-e865-4a3f-b21c-cee49bd88dcf,008658b8-c29e-480d-b281-1ef6c653e786,Customer 135,Facility,2025-05-21,Pending,N/A,N/A,14:00,45.00,120.73,Play Area,N/A,Play Area,Facility,customer135@example.com,001-557-4681
9fc966b1-ed7e-43d3-9841-6188547b46b5,f2c6d72f-bb38-4604-983e-13dcc2d4c299,Customer 272,Birthday Party,2025-04-19,Confirmed,N/A,N/A,13:00,90.00,53.82,Party Room,Superhero,Party Room,Birthday Party,customer272@example.com,001-340-6258
89d60815-4582-464a-a944-76d3a10d93ee,c5f2f25f-537e-4e93-ac55-7f0291540b91,Customer 274,Birthday Party,2025-03-31,Confirmed,N/A,N/A,11:00,120.00,79.12,Party Room,Sports,Party Room,Class,customer274@example.com,001-118-5490
a54b6027-f3ca-4f07-b133-2a65a00235ea,6da6ba44-c1d5-4495-b9ed-840196af90af,Customer 78,Facility,2025-04-16,Pending,N/A,N/A,Unknown,0.00,76.26,Play Area,N/A,Play Area,Facility,customer78@example.com,001-206-4259
50ad26a0-01b1-4066-a33d-2f711ed15e56,35a6eb58-dc5d-4324-adda-f022354c1d66,Customer 79,Facility,2025-04-11,Pending,N/A,N/A,Unknown,0.00,192.91,Party Room,N/A,Party Room,Facility,customer79@example.com,001-910-5060
26ec3810-cb13-4839-8f32-b9ff45465f0d,c7db5214-2b59-41e5-b6af-f6c4b41b0359,Customer 505,Class,2025-06-06,Pending,Dance,Unknown Instructor,13:00,45.00,27.61,N/A,N/A,Dance,Class,customer505@example.com,001-555-4603
11c6e62b-5d41-44d4-bf29-67f1ba0a5fcb,479d2872-b85f-4878-bfac-5b42d4cd6dc5,Customer 509,Class,2025-04-13,Confirmed,Dance,Amanda Davis,Unknown,83.06,50.9,N/A,N/A,Dance,Facility,customer509@example.com,001-924-8618
0102ecd0-a298-411f-a6e3-d9822ab65a7f,b0b3f307-c871-4037-8ed8-86dfcc272358,Customer 512,Class,2025-05-11,Pending,Gymnastics,Unknown Instructor,09:00,45.00,208.08,N/A,N/A,Gymnastics,Class,customer512@example.com,001-483-4869
0cd5c18b-e3ee-41b9-a780-9434f5af29bf,5b8adbdd-b9a1-4b56-b699-f3a893a7fdb7,Customer 518,Class,2025-06-15,Pending,Dance,James Howard,13:00,90.00,82.22,N/A,N/A,Dance,Class,customer518@example.com,Not Provided
fbe54c69-c8b5-455d-884b-74bff414720c,8346eb76-26ac-4a02-ae28-be02969f5c15,Customer 520,Class,2025-06-08,Pending,Art,Lisa Hensley,10:00,120.00,25.01,N/A,N/A,Art,Birthday Party,customer520@example.com,001-971-1557
74322f8e-988e-4757-8c74-6204adaacd3c,bf0f91df-9f58-4674-9047-25894179ae6a,Customer 523,Class,2025-05-29,Pending,Art,Amanda Davis,17:00,120.00,83.29,N/A,N/A,Art,Birthday Party,customer523@example.com,001-181-6822
81f10c02-c674-487e-b460-90acfbbeb522,1e3f094d-5943-4f02-a84b-867c8d2e3201,Customer 524,Class,2025-04-15,Confirmed,Dance,Amanda Davis,10:00,45.00,247.12,N/A,N/A,Dance,Class,customer524@example.com,001-900-7811
342cb9a9-bc09-4008-aac9-1d53881086ad,327dd382-e761-43ef-9070-fe05750db0e0,Customer 313,Class,2025-06-08,Confirmed,Gymnastics,Amanda Davis,09:00,90.00,52.98,N/A,N/A,Gymnastics,Class,customer313@example.com,Not Provided
d204cdff-e2d6-44a4-82b8-230c2304e91e,0b1fff87-13ef-4729-8bc4-4abe9c7c7941,Customer 319,Class,2025-05-11,Confirmed,Art,James Howard,13:00,45.00,196.85,N/A,N/A,Art,Class,Not Provided,001-966-7293
91f12ead-e460-49b2-b184-614f6b14e038,0eddf917-7871-46e5-9d29-77fc55f07400,Customer 320,Class,2025-05-09,Confirmed,Gymnastics,Amanda Davis,14:00,45.00,134.04,N/A,N/A,Gymnastics,Class,customer320@example.com,001-321-6480
90d29c6a-b141-4790-ab49-847370f78ff8,b3e5c73b-932a-4dc3-8fd4-c575b2406777,Customer 328,Class,2025-06-11,Confirmed,Art,Lisa Hensley,13:00,90.00,35.07,N/A,N/A,Art,Birthday Party,customer328@example.com,001-479-1727
71236b83-07a0-484a-a9ea-0b2c77a50b1e,311ce035-8459-4aa4-aba2-88627bdb75c9,Customer 329,Class,2025-04-26,Confirmed,Gymnastics,Lisa Hensley,16:00,45.00,208.45,N/A,N/A,Gymnastics,Class,customer329@example.com,001-943-1980
c6baffae-d249-44b3-bd8d-3572cac0a4fb,d666f92a-ca18-4d59-a584-ddab9412e4d6,Customer 331,Class,2025-06-04,Pending,Dance,Amanda Davis,12:00,90.00,222.94,N/A,N/A,Dance,Birthday Party,customer331@example.com,001-521-7311
0c8c9311-c819-4317-9952-648d7b68beb4,6059733f-1d3d-4cff-966f-e18b7bf788d7,Customer 584,Class,2025-05-22,Confirmed,Gymnastics,Unknown Instructor,16:00,120.00,126.63,N/A,N/A,Gymnastics,Facility,Not Provided,001-744-8586
adb41b93-a083-4afe-9df6-037b732295de,46dad1ec-7764-4ee1-9051-805bcfbb81e1,Customer 282,Birthday Party,2025-04-28,Pending,N/A,N/A,Unknown,0.00,15.25,Play Area,No Theme Selected,Play Area,Birthday Party,customer282@example.com,001-525-1212
122275ac-99e3-4b67-871a-2f26f6f9f7ea,96d81e20-d025-44cd-a32a-c6f0a51a56e2,Customer 979,Birthday Party,2025-04-19,Confirmed,N/A,N/A,16:00,90.00,207.71,Party Room,Princess,Party Room,Birthday Party,customer979@example.com,001-427-2265
ee8ab88a-5ce4-4081-ab39-fc564aea79ef,cce8a293-79cd-4972-9478-8955f8406c2a,Customer 324,Birthday Party,2025-05-13,Confirmed,N/A,N/A,14:00,45.00,299.14,Play Area,Superhero,Play Area,Class,Not Provided,001-900-9599
1dc4fd20-f4fd-4c3c-904f-2ddf6e4af563,eb6c97f8-5235-4945-8d5f-634c14b2e1bb,Customer 332,Class,2025-05-23,Confirmed,Gymnastics,Amanda Davis,16:00,90.00,207.04,N/A,N/A,Gymnastics,Class,customer332@example.com,001-735-8456
a7c985e3-714c-48db-87ef-8317d0b75ec8,379a3670-170e-4342-ac71-1a1d2382f8df,Customer 144,Facility,2025-04-18,Pending,N/A,N/A,16:00,90.00,285.35,Party Room,N/A,Party Room,Facility,customer144@example.com,001-252-2082
dac16d8f-fdfb-42a2-a3d5-0ab96e4606f8,13997313-11cc-41a9-b6cb-aab799ecc908,Customer 170,Facility,2025-06-09,Confirmed,N/A,N/A,10:00,120.00,55.33,Party Room,N/A,Party Room,Facility,customer170@example.com,001-304-8796
a98f3af1-0cf8-4668-a4c6-ed0712070279,b5944bec-3533-4739-b190-fa300205de64,Customer 172,Facility,2025-04-22,Pending,N/A,N/A,16:00,90.00,137.36,Party Room,N/A,Party Room,Class,customer172@example.com,001-326-1717
958eac9c-1517-48e2-9119-72f2bb601722,2d8779c6-efa1-4643-a3a7-d7db91c97760,Customer 173,Facility,2025-06-10,Pending,N/A,N/A,14:00,120.00,60.88,Play Area,N/A,Play Area,Facility,customer173@example.com,001-601-1425
5d4d1fb6-6a67-4ba7-beb9-fcfe4504b874,8fff5ec0-cfd0-4cfe-986c-835e5a563982,Customer 174,Facility,2025-06-05,Confirmed,N/A,N/A,13:00,90.00,107.08,Play Area,N/A,Play Area,Facility,customer174@example.com,001-599-5082
2b100910-8ac1-4d21-8482-bdd601c70537,3ba9efc1-682e-45d0-9840-152ea4bc6927,Customer 558,Class,2025-05-10,Confirmed,Gymnastics,James Howard,Unknown,83.06,159.03,N/A,N/A,Gymnastics,Class,customer558@example.com,001-534-7479
860a9dc8-067d-4863-87e6-5b5541e0a79f,03dd5645-7217-4bf3-8dd0-160b0b517934,Customer 565,Class,2025-05-30,Confirmed,Art,James Howard,Unknown,83.06,159.03,N/A,N/A,Art,Facility,customer565@example.com,001-959-2537
8e397104-121b-4f84-8df4-ce1b00a8c78e,b544b790-2b15-4259-9313-5ab76765172f,Customer 550,Class,2025-04-07,Pending,Dance,Lisa Hensley,10:00,45.00,223.93,N/A,N/A,Dance,Class,customer550@example.com,001-317-4377
6c389c4f-b4c7-4dea-8dd0-c938afce305d,6ed625de-29b9-4a63-9624-dffd5dc5555b,Customer 551,Class,2025-06-03,Pending,Dance,James Howard,15:00,120.00,90.53,N/A,N/A,Dance,Class,customer551@example.com,001-901-9166
0d311e04-655b-418a-94ec-e77f7dfe724b,805d5125-5d0f-4408-99d9-b29e1437d940,Customer 556,Class,2025-06-14,Pending,Gymnastics,James Howard,15:00,45.00,111.92,N/A,N/A,Gymnastics,Facility,customer556@example.com,001-350-2446
1220c36d-6ee2-4aa5-8403-9136252e2d6d,5423277d-9ffd-4e70-9ded-818362989a97,Customer 562,Class,2025-04-28,Confirmed,Gymnastics,Lisa Hensley,10:00,90.00,120.15,N/A,N/A,Gymnastics,Class,customer562@example.com,001-791-9415
b3bac396-95f6-415a-ad12-061a3d86820f,203fbd7e-86f9-4928-9c53-4d5b408ad003,Customer 566,Class,2025-05-26,Pending,Dance,Amanda Davis,12:00,90.00,64.42,N/A,N/A,Dance,Facility,customer566@example.com,Not Provided
301128c1-6e5d-4320-81e0-21b7d729dcc1,85293b72-fe59-42e5-b7db-8f926b86523a,Customer 567,Class,2025-04-25,Confirmed,Gymnastics,Amanda Davis,14:00,45.00,198.64,N/A,N/A,Gymnastics,Class,customer567@example.com,001-331-1869
8137ea71-d52e-4f4d-8bef-0edcdba8d709,de21dd99-755e-46f1-b0cd-08d14f6fd56f,Customer 395,Birthday Party,2025-06-19,Confirmed,N/A,N/A,12:00,120.00,159.03,Play Area,Sports,Play Area,Birthday Party,customer395@example.com,001-900-9590
3f87a037-e201-48cf-a221-386506d9812d,6226befa-4bf6-4cf0-aa8a-5a508bd61f99,Customer 397,Birthday Party,2025-04-28,Confirmed,N/A,N/A,11:00,120.00,159.03,Party Room,Superhero,Party Room,Birthday Party,customer397@example.com,001-676-4945
779f7fda-9471-450d-ad85-9a6108c75d6e,b39be7a8-62a1-428b-9f94-b8f622630cfe,Customer 585,Class,2025-05-21,Pending,Art,Lisa Hensley,10:00,120.00,293.32,N/A,N/A,Art,Class,Not Provided,001-237-6440
55d86bfd-7c47-4e3b-bb2b-599d63ef206d,5ee0fba0-1031-4242-9bf2-248f9162e13d,Customer 586,Class,2025-05-08,Confirmed,Dance,Unknown Instructor,17:00,90.00,117.62,N/A,N/A,Dance,Facility,customer586@example.com,001-178-1264
f2a5ff5f-b1c3-4b57-b78b-41b1251189f5,99b5c4aa-626d-49be-a72a-3ffd3025f814,Customer 327,Birthday Party,2025-04-15,Confirmed,N/A,N/A,14:00,120.00,51.83,Play Area,No Theme Selected,Play Area,Birthday Party,customer327@example.com,001-953-5252
f915709c-b349-4142-9b81-a086051fc12f,08e770e5-df66-41db-85c1-05620f6c3b73,Customer 570,Class,2025-04-26,Confirmed,Gymnastics,James Howard,14:00,45.00,170.84,N/A,N/A,Gymnastics,Class,customer570@example.com,001-708-9324
992cfb25-065c-4fd2-af13-4b27e3a1e5ac,e2f8e4c6-604a-4b93-bd17-6afdf1cb7bc1,Customer 572,Class,2025-06-14,Confirmed,Art,Amanda Davis,17:00,90.00,105.21,N/A,N/A,Art,Facility,customer572@example.com,001-568-6872
a294a2bf-1d66-408b-8cfc-080c9779f1dd,a62f6581-3a25-48fd-868f-f96444d52563,Customer 400,Class,2025-06-12,Pending,Gymnastics,James Howard,09:00,90.00,115.62,N/A,N/A,Gymnastics,Class,customer400@example.com,001-378-4697
75797a36-6c21-4247-bd17-c4924c1d1d32,a1514651-5e1b-4080-8628-e01bef985cbf,Customer 201,Facility,2025-05-15,Confirmed,N/A,N/A,09:00,45.00,219.84,Party Room,N/A,Party Room,Birthday Party,customer201@example.com,001-523-8428
57b15e7b-2077-40fe-9fc8-c260eab99c23,a830a882-f595-4ffd-a6b4-9605e2cbbdc3,Customer 292,Facility,2025-04-17,Confirmed,N/A,N/A,15:00,45.00,248.83,Party Room,N/A,Party Room,Birthday Party,Not Provided,001-532-9656
398e1ed9-5c3d-41c9-b87d-d16a4d90f68b,58eba70c-a0f9-4b83-bb50-22615a1100c9,Customer 293,Facility,2025-04-26,Pending,N/A,N/A,13:00,120.00,269.23,Party Room,N/A,Party Room,Facility,customer293@example.com,Not Provided
6a3c16e9-c88e-4999-8c5c-43c25d3bfa7a,c5a332e0-8c7b-47c4-8803-901373da83e3,Customer 303,Facility,2025-04-22,Confirmed,N/A,N/A,14:00,45.00,179.11,Play Area,N/A,Play Area,Facility,customer303@example.com,001-399-1316
ed2ca334-c63f-414f-a9b0-d9828ac184e5,df147df3-0329-44f9-9fd6-4d15916c9edf,Customer 308,Facility,2025-04-29,Confirmed,N/A,N/A,12:00,120.00,230.31,Play Area,N/A,Play Area,Facility,customer308@example.com,001-438-5467
59cb7c2e-5e6e-458d-a04f-13cb1008126e,c22c3ba8-7577-4d1c-b9de-bee45cc5230f,Customer 336,Birthday Party,2025-06-03,Confirmed,N/A,N/A,14:00,90.00,148.46,Party Room,No Theme Selected,Party Room,Birthday Party,customer336@example.com,001-916-7408
3190e834-1099-412f-84d7-877a1664293f,858320b1-a397-46da-a6d6-590e0dab7e01,Customer 983,Birthday Party,2025-06-02,Confirmed,N/A,N/A,15:00,120.00,180.62,Party Room,Superhero,Party Room,Class,customer983@example.com,001-630-6770
608b8234-8a8b-46a6-9554-f598b9088e45,0b39fd57-4844-4a49-94ac-d91c6045cfce,Customer 203,Facility,2025-04-22,Confirmed,N/A,N/A,14:00,45.00,134.37,Play Area,N/A,Play Area,Facility,customer203@example.com,001-544-6525
efd0bef9-ce65-4057-a853-8b11e969f5a8,979f6104-5bbd-4bf5-87ad-7862b4df0e39,Customer 208,Facility,2025-04-27,Confirmed,N/A,N/A,11:00,90.00,189.78,Party Room,N/A,Party Room,Facility,Not Provided,001-159-8233
8da3009f-351d-45ff-ae86-14c806c02bbf,b6e46912-26a5-4d86-94b5-0e443f050b75,Customer 209,Facility,2025-03-25,Confirmed,N/A,N/A,10:00,120.00,211.26,Play Area,N/A,Play Area,Facility,customer209@example.com,001-788-3507
dfbed73b-7ebe-45dd-8d14-238d0d7aa834,0a084dda-9b12-45e6-83aa-6f9cb0b2ee20,Customer 588,Class,2025-05-04,Pending,Dance,Amanda Davis,09:00,120.00,0,N/A,N/A,Dance,Class,customer588@example.com,001-516-7077
60b16235-2aa6-4da3-9e6b-3cdc4efb6797,d9d5b726-179b-4393-b667-ce2723ad25d6,Customer 775,Class,2025-04-09,Confirmed,Gymnastics,James Howard,Unknown,83.06,192.93,N/A,N/A,Gymnastics,Class,Not Provided,001-539-2918
169618d4-6c1a-4807-adbf-f9a3d024565b,179d81e6-588b-44c5-8c2b-d49b8cb1b02b,Customer 791,Class,2025-05-28,Confirmed,Dance,James Howard,Unknown,83.06,69.73,N/A,N/A,Dance,Facility,customer791@example.com,Not Provided
f9938c4b-e053-4af6-b0a8-bb9988f147ab,ffbce5b3-a697-4bbc-ab6b-5db3f05b637d,Customer 283,Facility,2025-05-21,Pending,N/A,N/A,Unknown,0.00,144.52,Play Area,N/A,Play Area,Facility,customer283@example.com,001-363-9259
d7ec3223-7006-4ae7-bb40-54b3dac56784,34362857-53f7-4562-8178-788c97d2c556,Customer 297,Facility,2025-05-19,Pending,N/A,N/A,Unknown,0.00,0,Play Area,N/A,Play Area,Facility,customer297@example.com,001-142-5198
f3982b3a-1469-46a1-a2f4-0ab392fc4a9c,3fb36f2e-9582-4178-88e0-3d0981a3f72b,Customer 307,Facility,2025-05-17,Pending,N/A,N/A,Unknown,0.00,229.08,Play Area,N/A,Play Area,Facility,customer307@example.com,001-531-5347
042902c8-ee9b-4321-bb73-3c1c5a115647,072a8723-9096-4cd3-9e12-e796bb40bcd0,Customer 267,Facility,2025-04-27,Confirmed,N/A,N/A,13:00,120.00,159.03,Play Area,N/A,Play Area,Facility,customer267@example.com,001-968-5002
e0e1d14d-8846-46e5-9694-878d58f8edaf,45a1818b-2129-4fe0-8684-6730fa30c9f9,Customer 278,Facility,2025-04-29,Confirmed,N/A,N/A,16:00,45.00,159.03,Play Area,N/A,Play Area,Facility,customer278@example.com,001-470-4400
f996e803-a81c-4e6a-9fd6-a76f9d709daf,620de65f-cda1-4af0-9a0e-0c0b1ede5ad7,Customer 323,Facility,2025-06-14,Pending,N/A,N/A,16:00,120.00,211.24,Play Area,N/A,Play Area,Birthday Party,customer323@example.com,001-119-7160
9530b168-9615-4ce7-ab3b-8bcbdd580aac,8bbd8491-632e-4d48-80a2-ee6c858e2afb,Customer 325,Facility,2025-03-30,Confirmed,N/A,N/A,09:00,45.00,130.8,Play Area,N/A,Play Area,Facility,customer325@example.com,001-235-7148
d69aea51-172e-41ae-8d59-cf2895ace984,6b4dd042-c544-410d-b132-92a3b5f0b443,Customer 333,Facility,2025-06-11,Pending,N/A,N/A,16:00,120.00,224.27,Party Room,N/A,Party Room,Facility,customer333@example.com,001-114-4354
563d15fe-0759-451a-a8d5-756957a8529d,55e16c09-4a1c-45df-90a5-0cf9d5541d84,Customer 341,Birthday Party,2025-05-18,Pending,N/A,N/A,11:00,120.00,285.76,Play Area,Superhero,Play Area,Class,customer341@example.com,Not Provided
161e58f5-be37-4281-8895-5c97f3fd1055,8cc6adba-5014-4783-b70c-fa36d1101d09,Customer 348,Birthday Party,2025-05-10,Confirmed,N/A,N/A,17:00,120.00,117.22,Party Room,Sports,Party Room,Birthday Party,customer348@example.com,001-410-6933
bb4b4764-50da-44a0-8eae-ffb677b60b22,5afe4fff-f314-4172-84ab-1f6123de2bee,Customer 361,Birthday Party,2025-06-12,Pending,N/A,N/A,13:00,120.00,137.92,Party Room,Princess,Party Room,Facility,customer361@example.com,001-172-6097
64f37420-d52b-4774-8cff-994c2e96819b,db36f6e0-6eeb-49e8-ac8d-5175f4e75f15,Customer 362,Birthday Party,2025-04-20,Confirmed,N/A,N/A,11:00,120.00,92.17,Party Room,Sports,Party Room,Birthday Party,customer362@example.com,001-986-4880
848496de-c67a-434d-a514-519ea87f6ba0,ff6cf747-489b-45cc-9419-c3722373f10e,Customer 365,Birthday Party,2025-06-13,Confirmed,N/A,N/A,12:00,45.00,174.52,Play Area,Superhero,Play Area,Birthday Party,customer365@example.com,001-170-6504
f919862f-e84f-41b5-a33c-928c365d2854,88191070-39fb-47f7-bfad-8d411d2ba08b,Customer 214,Facility,2025-04-28,Pending,N/A,N/A,15:00,45.00,0,Play Area,N/A,Play Area,Facility,customer214@example.com,001-710-1272
af1fc268-86a3-481e-8370-ec9adb3b0aa6,64b2cf20-63bd-45f3-9dc6-0cabb9d8d5bc,Customer 216,Facility,2025-06-02,Confirmed,N/A,N/A,15:00,45.00,192.91,Party Room,N/A,Party Room,Facility,customer216@example.com,001-323-2236
06ac341b-6e17-49c8-a712-fcd0da573ff7,ae4dd866-0099-4207-bb94-fa2c963b0991,Customer 217,Facility,2025-04-19,Confirmed,N/A,N/A,13:00,120.00,199.16,Play Area,N/A,Play Area,Facility,customer217@example.com,001-491-6594
207acf67-018b-4947-9451-be1afa9a0412,8b0988e4-feaa-4345-b126-fd0f67731626,Customer 218,Facility,2025-05-03,Pending,N/A,N/A,15:00,120.00,191.75,Play Area,N/A,Play Area,Facility,customer218@example.com,001-106-7500
7a3b501a-38c3-4481-8b05-79113029b63c,a8627d48-4c34-4e9d-933b-100ec5ca48fc,Customer 855,Facility,2025-06-01,Pending,N/A,N/A,09:00,90.00,273.2,Party Room,N/A,Party Room,Birthday Party,customer855@example.com,001-134-6471
2344e771-1f65-4aa0-a0e6-b1c615ab6cc2,66a219a0-d803-4ae4-bc30-d5cedcc5fc74,Customer 857,Facility,2025-04-21,Confirmed,N/A,N/A,11:00,90.00,100.19,Play Area,N/A,Play Area,Facility,customer857@example.com,001-880-5060
8c6a4911-a655-459d-bb63-bf34bdaa3548,ea9e4913-90d2-4bfa-b161-b7d734938cc2,Customer 860,Facility,2025-04-11,Confirmed,N/A,N/A,11:00,45.00,104.42,Party Room,N/A,Party Room,Facility,customer860@example.com,001-690-3685
f386c9f2-3274-4fa6-b3c0-232226e13100,978dd07f-525c-4c81-9b5f-3ac44889a0c5,Customer 229,Facility,2025-04-04,Confirmed,N/A,N/A,14:00,90.00,141.88,Play Area,N/A,Play Area,Facility,customer229@example.com,001-572-5435
6a3d6360-d881-41bd-8462-7b29d977c85f,8b7f5f1a-f827-4271-9d29-29484ef62b28,Customer 232,Facility,2025-05-01,Confirmed,N/A,N/A,12:00,45.00,224.36,Party Room,N/A,Party Room,Class,customer232@example.com,001-252-5536
7854d5cd-820f-4f0d-b034-41194453ed01,fc8e8016-aaf6-492e-aa15-a871b85f295a,Customer 661,Class,2025-06-03,Confirmed,Dance,Amanda Davis,Unknown,83.06,16.75,N/A,N/A,Dance,Class,customer661@example.com,Not Provided
1ffaf345-cb63-45a1-8e5c-503ef8073faa,39c52b94-3f54-495f-8074-3a0d0d3ba8bc,Customer 675,Class,2025-04-17,Confirmed,Gymnastics,Unknown Instructor,Unknown,83.06,248.91,N/A,N/A,Gymnastics,Class,customer675@example.com,001-165-9144
66db20cf-d1ea-4425-9c6b-1ab344eb8c80,71da2c01-b6d0-489f-bcc7-3ad103cad12d,Customer 673,Class,2025-05-02,Confirmed,Art,Amanda Davis,Unknown,83.06,159.03,N/A,N/A,Art,Birthday Party,Not Provided,001-362-5987
c03971e9-8031-44aa-912e-5404dd97b9de,7f253fc7-884f-4c68-9862-69808fa96463,Customer 335,Facility,2025-05-15,Pending,N/A,N/A,12:00,120.00,0,Play Area,N/A,Play Area,Facility,customer335@example.com,001-318-1625
fd4178f4-9559-4d2a-bae3-1909e2748f72,3e24f6d6-1972-424e-8303-0e690003b502,Customer 338,Facility,2025-04-02,Pending,N/A,N/A,17:00,45.00,196.43,Party Room,N/A,Party Room,Facility,customer338@example.com,001-563-7230
26cc6154-2178-492e-b29c-f62aa3de7471,45995494-0656-4915-9d4c-552afd5df74a,Customer 808,Class,2025-06-15,Confirmed,Dance,Amanda Davis,15:00,90.00,159.03,N/A,N/A,Dance,Birthday Party,customer808@example.com,001-378-3127
b9fb3b4b-6332-469d-9c8d-cba0851e4cad,8b4b8509-7f4f-43cf-9a2e-e9f9887871bc,Customer 806,Class,2025-03-27,Confirmed,Art,James Howard,17:00,45.00,233.02,N/A,N/A,Art,Class,customer806@example.com,001-912-1765
d1c1931f-cda8-4316-a83c-5d18ad2c8077,29bfe497-c22d-40d4-a458-df8533ebc9a9,Customer 316,Birthday Party,2025-05-22,Confirmed,N/A,N/A,15:00,90.00,159.03,Play Area,No Theme Selected,Play Area,Birthday Party,customer316@example.com,001-239-2104
e1aa3542-8ab9-4ddf-ba10-f937fc2dc8ad,966ac221-ba15-4a22-b50e-40a86b74d767,Customer 349,Birthday Party,2025-06-13,Confirmed,N/A,N/A,14:00,90.00,159.03,Party Room,Princess,Party Room,Birthday Party,customer349@example.com,001-660-9919
76bbba15-59e6-4739-9362-90288549b5fb,3f49b837-ac95-4176-95cf-4617ed418c76,Customer 652,Class,2025-04-10,Pending,Dance,James Howard,10:00,45.00,219.58,N/A,N/A,Dance,Class,customer652@example.com,001-314-2376
0af7d566-0b1c-4929-bbbb-35e505b78194,aca484c7-8d06-4583-bf4d-0dd9cada9ceb,Customer 658,Class,2025-04-10,Pending,Gymnastics,Amanda Davis,09:00,90.00,279.73,N/A,N/A,Gymnastics,Class,customer658@example.com,001-684-4506
0a4b6c2e-023f-4f57-a05f-baa8ce35efa1,bddcf1d8-a5c0-43b1-be3d-1622c18911b9,Customer 669,Class,2025-04-07,Pending,Gymnastics,Unknown Instructor,13:00,90.00,170.2,N/A,N/A,Gymnastics,Facility,customer669@example.com,001-334-8578
5a1ddc47-9132-4b17-af32-d0759e3bdc4f,750e3166-4ac4-49b5-b733-9f18025a29b2,Customer 670,Class,2025-04-18,Pending,Art,Lisa Hensley,13:00,90.00,243.93,N/A,N/A,Art,Class,customer670@example.com,001-505-5537
a68722ff-f5e6-4490-a963-17b61a0b3e8b,55596e1d-c7eb-4b30-8906-e1b2053069a1,Customer 233,Facility,2025-05-27,Pending,N/A,N/A,16:00,120.00,234.3,Play Area,N/A,Play Area,Birthday Party,customer233@example.com,001-149-2485
ee33f768-a82a-4e0a-b244-4272779106db,53d1f935-e546-4f0e-8444-0e9e589fd5b7,Customer 238,Facility,2025-05-05,Confirmed,N/A,N/A,10:00,45.00,167.42,Play Area,N/A,Play Area,Facility,customer238@example.com,Not Provided
6b7ef21a-894c-4dd0-be1e-4b95e0b0eff4,5aad821f-9e71-41f3-9af6-f9af65b16fe3,Customer 305,Facility,2025-06-22,Confirmed,N/A,N/A,11:00,120.00,225.62,Party Room,N/A,Party Room,Facility,customer305@example.com,001-155-1487
43016574-e076-41f7-aaf9-137414687381,b6596dcc-9b18-4f4f-8747-54a34a8e1ed2,Customer 306,Facility,2025-05-18,Pending,N/A,N/A,14:00,90.00,29.8,Play Area,N/A,Play Area,Birthday Party,customer306@example.com,001-527-9761
9c2eabd0-0514-4685-8d27-670aa112b586,851fd2c2-4859-4355-a10a-b08f90c6468a,Customer 681,Class,2025-03-29,Confirmed,Art,James Howard,Unknown,83.06,246.26,N/A,N/A,Art,Facility,customer681@example.com,001-858-5979
5ac3fdc5-afab-424f-8ee5-ad1edec4d541,36b2dcde-16fe-4ad9-9606-ba52f165b2c6,Customer 810,Class,2025-05-07,Confirmed,Gymnastics,Lisa Hensley,13:00,120.00,123.7,N/A,N/A,Gymnastics,Class,customer810@example.com,001-274-5625
ff457e26-bc4d-4cc0-9026-cf010a3fa103,78bde640-6aa5-4a93-a955-215aaa6d4068,Customer 30,Birthday Party,2025-05-29,Pending,N/A,N/A,16:00,45.00,18.07,Play Area,Princess,Play Area,Birthday Party,Not Provided,001-176-1957
6e565391-c75d-4193-9f7b-dc0b1be6dd90,41356f6c-6238-4e12-9087-59229369ed4e,Customer 824,Class,2025-05-07,Pending,Art,Amanda Davis,16:00,120.00,199.96,N/A,N/A,Art,Birthday Party,customer824@example.com,Not Provided
9acfb5f4-4a6b-46b1-89c7-65a66120f184,72bf408b-7f78-4fd3-a920-325954cc7705,Customer 36,Birthday Party,2025-05-10,Pending,N/A,N/A,13:00,45.00,296.34,Play Area,Superhero,Play Area,Birthday Party,customer36@example.com,001-974-2553
08efb093-9485-42ce-b747-0511e84a1c7f,abe3717b-c232-479d-9750-b3a77b28f497,Customer 37,Birthday Party,2025-05-01,Pending,N/A,N/A,17:00,45.00,19.06,Party Room,Superhero,Party Room,Birthday Party,Not Provided,001-677-5790
e172506e-577d-40ab-b9c8-bd200f71501a,aa5b47aa-9d63-4cc7-9650-6f9c2b4b6c2e,Customer 639,Birthday Party,2025-04-27,Pending,N/A,N/A,Unknown,0.00,94.29,Party Room,Princess,Party Room,Birthday Party,customer639@example.com,001-544-9478
01d74862-6e44-435a-a611-4833c8851669,007c4181-3664-46a9-828b-09f2dd214716,Customer 411,Birthday Party,2025-06-01,Pending,N/A,N/A,Unknown,0.00,83.96,Party Room,Superhero,Party Room,Birthday Party,customer411@example.com,001-867-7541
24a219e4-ee6a-46cc-b4cb-b7f5f74dc461,08007099-02de-461c-8a7e-ab9da4ad89a6,Customer 454,Birthday Party,2025-04-09,Pending,N/A,N/A,Unknown,0.00,168.68,Party Room,Superhero,Party Room,Birthday Party,customer454@example.com,Not Provided
0c835126-61a2-4f7e-a6cb-32c0d54fec24,eb9b0ec2-e66a-4730-8105-3e2fa76bb388,Customer 290,Birthday Party,2025-04-12,Pending,N/A,N/A,Unknown,0.00,99.44,Play Area,Sports,Play Area,Class,customer290@example.com,001-924-8554
4204fc06-7130-4cc8-ae55-83d3e54a1e57,c0059fb8-734d-4be1-ab65-6e93c6709f7d,Customer 956,Birthday Party,2025-05-01,Pending,N/A,N/A,Unknown,0.00,49.37,Play Area,Superhero,Play Area,Birthday Party,customer956@example.com,001-839-2280
6ed10581-c07d-4819-a882-f0859b321b08,a7be191b-e5b5-48a6-bd05-7d413e1e988f,Customer 774,Birthday Party,2025-05-24,Pending,N/A,N/A,Unknown,0.00,152.35,Party Room,Princess,Party Room,Birthday Party,customer774@example.com,001-940-2561
7e88f432-1d3d-40d4-84b5-26d56b91333b,f2f7fadf-10ee-4a4d-92d1-2f18ca692bbe,Customer 340,Facility,2025-06-19,Pending,N/A,N/A,17:00,120.00,94.45,Play Area,N/A,Play Area,Class,customer340@example.com,001-597-9482
0c5db2fa-f9ce-4e93-b982-61ef5936546a,41940e7e-6f2a-46ba-bc73-9cb0813640d6,Customer 343,Facility,2025-05-23,Pending,N/A,N/A,15:00,45.00,246.19,Play Area,N/A,Play Area,Facility,customer343@example.com,Not Provided
fe534c8f-a02a-4efe-91e0-90d22fee3831,98bdc047-761f-4e32-b96b-41e8f5d6a3c1,Customer 344,Facility,2025-05-31,Pending,N/A,N/A,17:00,45.00,251.13,Play Area,N/A,Play Area,Class,customer344@example.com,001-357-9434
2f2554b8-289a-4f98-b642-0d84ba4db41d,c835a000-2127-40fe-9d18-c672ad4fe1e6,Customer 352,Facility,2025-04-05,Pending,N/A,N/A,10:00,90.00,212.07,Play Area,N/A,Play Area,Facility,customer352@example.com,001-643-7932
7c8c6f20-e8d9-46c2-be76-4b380af02969,2c89c98f-6ab5-485f-ad3f-b917c046f168,Customer 353,Facility,2025-04-18,Confirmed,N/A,N/A,17:00,120.00,197.86,Play Area,N/A,Play Area,Facility,customer353@example.com,001-304-7789
9eab29b5-9962-4997-9200-62c5027e1a9a,36a229d4-9f37-4b34-a22f-fd7cdee317ef,Customer 644,Birthday Party,2025-06-15,Confirmed,N/A,N/A,14:00,45.00,58.46,Party Room,No Theme Selected,Party Room,Birthday Party,customer644@example.com,001-730-5791
7593e5dd-843a-449e-9aa4-95df346e7313,03659c0f-f710-4904-b52f-74b6911e6418,Customer 385,Birthday Party,2025-04-02,Confirmed,N/A,N/A,13:00,120.00,159.03,Play Area,No Theme Selected,Play Area,Birthday Party,customer385@example.com,001-385-5804
c17d7e71-27bf-4a1c-82f1-d7cd84e770ce,2b076d02-009e-4fff-bea4-75690b7f05de,Customer 728,Class,2025-06-06,Confirmed,Gymnastics,Amanda Davis,Unknown,83.06,146.07,N/A,N/A,Gymnastics,Facility,Not Provided,001-162-6607
3caf11a4-d628-4448-8426-b67b82591301,468ec27c-84fd-4c53-a006-213ecb491f65,Customer 718,Class,2025-03-28,Pending,Gymnastics,Lisa Hensley,12:00,90.00,53.81,N/A,N/A,Gymnastics,Class,customer718@example.com,001-130-6753
4bf0d3be-5a69-4b4c-903e-070ad88cd44c,a800391e-6da7-486e-bd71-79509669aded,Customer 722,Class,2025-05-14,Confirmed,Art,Lisa Hensley,12:00,90.00,26.21,N/A,N/A,Art,Facility,customer722@example.com,001-606-7126
7b12e1f7-5fb3-4979-b43b-f770bb42769f,eb669218-43a6-4af6-9d20-70ad5cfdc030,Customer 723,Class,2025-04-04,Confirmed,Gymnastics,Amanda Davis,10:00,45.00,32.71,N/A,N/A,Gymnastics,Class,customer723@example.com,001-843-6757
4948bfb9-3b9c-4f55-a623-00cc3fb361db,8835f97e-4438-4471-a858-200c67d6a10b,Customer 529,Class,2025-06-11,Confirmed,Art,Amanda Davis,16:00,45.00,193.89,N/A,N/A,Art,Birthday Party,customer529@example.com,001-493-5527
1e6a8048-e296-47cb-a23c-9637371cf3ed,23e29ce3-8b40-4ed9-a4d2-603b6d5b24e4,Customer 530,Class,2025-06-16,Confirmed,Dance,Lisa Hensley,14:00,45.00,45.27,N/A,N/A,Dance,Class,customer530@example.com,001-312-7423
f220b357-6794-4f3e-a0c8-f1a560616117,5cd6ce0c-fb00-4203-83aa-9cf331d94439,Customer 449,Class,2025-04-06,Pending,Gymnastics,Lisa Hensley,Unknown,0.00,141.01,N/A,N/A,Gymnastics,Class,customer449@example.com,001-571-8577
da0eae7b-6560-4973-9c91-aad7a59efa5f,a91281b7-28b0-4a49-b7be-c0e5c4982958,Customer 578,Class,2025-04-06,Confirmed,Dance,Amanda Davis,14:00,45.00,147.22,N/A,N/A,Dance,Facility,customer578@example.com,001-685-2445
b64e6a64-3f6f-418d-8332-0a9cb615641e,e9ffee18-5226-4638-bfee-8e0a930920f8,Customer 579,Class,2025-05-02,Pending,Dance,James Howard,09:00,90.00,244.02,N/A,N/A,Dance,Class,customer579@example.com,001-552-3678
cfd741d8-90b6-4f26-8dee-85ddfc3924d7,1b745f37-2a38-4270-8d83-0f4446cfa612,Customer 582,Class,2025-06-18,Confirmed,Dance,James Howard,16:00,120.00,199.78,N/A,N/A,Dance,Facility,customer582@example.com,001-792-1499
c5f1afdf-bd78-4ee6-9b46-85c8cf01846e,8f50e239-f508-4980-8acd-416188982d9c,Customer 358,Facility,2025-05-10,Confirmed,N/A,N/A,17:00,120.00,163.45,Play Area,N/A,Play Area,Facility,customer358@example.com,001-353-1925
3640dbb9-8fa2-4289-82c0-7a2ead62f90b,3662d733-0b7c-4773-8ec3-b02322849c8a,Customer 845,Class,2025-05-20,Confirmed,Gymnastics,Unknown Instructor,Unknown,83.06,42.38,N/A,N/A,Gymnastics,Class,customer845@example.com,001-829-4720
22159cd7-0c3f-451c-87b1-7c23f04c2df4,292b26e4-c6c0-4266-81ae-4ca1a4f35b5f,Customer 844,Class,2025-05-05,Pending,Dance,Lisa Hensley,10:00,45.00,217.64,N/A,N/A,Dance,Class,customer844@example.com,001-779-7935
82224d3b-b738-4b84-86cb-a998bbf87b5c,944b3e75-9faa-4476-9f7a-50d51ea94ee6,Customer 851,Class,2025-05-08,Pending,Art,Lisa Hensley,15:00,120.00,188.51,N/A,N/A,Art,Facility,customer851@example.com,Not Provided
567d15c6-4294-4f6e-bd2f-05502e578d28,6f1a9058-c3d5-43db-b95d-163d158d387a,Customer 852,Class,2025-06-04,Pending,Gymnastics,Lisa Hensley,09:00,120.00,113.98,N/A,N/A,Gymnastics,Class,customer852@example.com,001-619-9240
eef57573-2bd7-42d6-89f7-411db62f8305,de90d97d-e51c-4bde-b009-68c9373bdb1f,Customer 856,Class,2025-05-18,Pending,Gymnastics,James Howard,13:00,120.00,83.97,N/A,N/A,Gymnastics,Class,customer856@example.com,001-282-2283
fbed83dd-f1a3-4d53-bcde-2a0a97a637ff,d154894a-711f-4ef5-af8f-5402e096472f,Customer 729,Class,2025-04-27,Pending,Dance,James Howard,13:00,120.00,269.9,N/A,N/A,Dance,Class,customer729@example.com,001-881-2990
6c5bf2f4-a190-450a-8990-9db8e397b75f,7586c195-9a88-4896-b88b-361847be31e1,Customer 731,Class,2025-04-10,Pending,Dance,Lisa Hensley,17:00,120.00,187.59,N/A,N/A,Dance,Facility,customer731@example.com,001-910-5007
9bcb37ad-0aeb-45f5-800a-354951fc0b4a,20a5eea2-3c2c-4a36-9466-53205fda1afc,Customer 366,Facility,2025-04-17,Confirmed,N/A,N/A,14:00,120.00,285.94,Party Room,N/A,Party Room,Facility,customer366@example.com,001-660-3163
4973c8e7-2e67-4ad2-901f-e2b4ad64ade7,b4355869-5cf9-4ff4-a6fe-3ba9e47ffd84,Customer 732,Class,2025-06-13,Confirmed,Dance,Unknown Instructor,17:00,120.00,204.36,N/A,N/A,Dance,Facility,customer732@example.com,001-240-5545
3eca8b70-45d3-4142-8a8d-d3243877d42a,feea2f17-b5b4-4ca7-8dfe-c7bd1a59d297,Customer 734,Class,2025-06-22,Pending,Gymnastics,Amanda Davis,11:00,45.00,227.39,N/A,N/A,Gymnastics,Birthday Party,customer734@example.com,001-675-9052
894f9782-e29c-4883-8a90-74d1065f4049,467e3233-619b-4dec-98e6-4430d6314b71,Customer 741,Class,2025-05-07,Pending,Dance,Lisa Hensley,11:00,120.00,66.6,N/A,N/A,Dance,Class,customer741@example.com,001-291-9320
3d2054eb-3a87-4898-87b7-1c27d17c4bac,1f70ec91-7e39-4aa4-a8b7-5d402cc15716,Customer 929,Class,2025-05-30,Confirmed,Art,James Howard,17:00,120.00,38.46,N/A,N/A,Art,Birthday Party,customer929@example.com,001-710-9856
27170562-09a6-4e68-8b36-ff468f020e07,b405c3c5-fffb-433a-93e5-1d4b608b6037,Customer 931,Class,2025-05-13,Confirmed,Dance,Lisa Hensley,17:00,120.00,123.28,N/A,N/A,Dance,Class,customer931@example.com,001-791-4892
f473eea6-b346-4c52-ad43-4bd9064f41b3,115e0760-af76-4718-9ba9-0ce09217017f,Customer 207,Birthday Party,2025-05-30,Pending,N/A,N/A,10:00,45.00,110.9,Play Area,No Theme Selected,Play Area,Birthday Party,Not Provided,001-660-7697
1fe1a179-d9ae-4e82-8f08-5cfcad082da6,eb1f1f76-83e4-46ad-ad79-628291b500f6,Customer 409,Birthday Party,2025-05-04,Confirmed,N/A,N/A,15:00,120.00,21.13,Play Area,Princess,Play Area,Birthday Party,customer409@example.com,Not Provided
a8da029b-59c0-4c96-b93f-f4fb5c1dd48e,d5249ab4-2863-4b77-93c6-3c4af2067784,Customer 413,Birthday Party,2025-06-01,Pending,N/A,N/A,16:00,120.00,127.4,Party Room,Princess,Party Room,Birthday Party,customer413@example.com,001-230-8590
81c09a27-ac81-4250-b952-6b9af2a9e442,562a46a7-ea1e-490f-92aa-e6e27001b983,Customer 414,Birthday Party,2025-04-27,Pending,N/A,N/A,14:00,90.00,45.55,Play Area,Sports,Play Area,Birthday Party,customer414@example.com,Not Provided
589f1ee8-3cb3-455a-819d-f3a0bf43d4e4,7b9640da-1f4f-4bc3-aae0-040970eb3cd2,Customer 769,Class,2025-05-10,Pending,Gymnastics,Amanda Davis,Unknown,0.00,0,N/A,N/A,Gymnastics,Class,customer769@example.com,001-553-9112
cf9fbc2d-6363-4390-8497-709b317d4261,8f439aab-563f-40ed-b1ac-e9a4b9cde832,Customer 776,Class,2025-04-04,Pending,Art,James Howard,Unknown,0.00,258.81,N/A,N/A,Art,Class,customer776@example.com,001-239-8531
764e2561-4abb-4ba6-a76a-56460cbc7ffd,f23a092b-caf3-496e-9287-b75e7ae4a15a,Customer 766,Class,2025-06-05,Pending,Gymnastics,James Howard,15:00,120.00,84.13,N/A,N/A,Gymnastics,Class,customer766@example.com,001-495-5352
8303e427-c5ff-45d9-b8ae-27df04654027,279e8686-7e06-42d3-bdda-aee91e2cd7ab,Customer 773,Class,2025-04-27,Confirmed,Dance,Amanda Davis,13:00,90.00,183.23,N/A,N/A,Dance,Class,customer773@example.com,001-195-3780
7f11814b-13ef-4a5c-b651-dcfc6189effd,983f28c3-9958-4c9d-b41b-b2bb9bc0b946,Customer 778,Class,2025-04-06,Confirmed,Gymnastics,Lisa Hensley,11:00,90.00,207.74,N/A,N/A,Gymnastics,Facility,customer778@example.com,001-718-8649
b82f96ef-e1fb-40d1-9b11-ad8a0c970193,4d7fa194-75c4-4341-bd07-128766afb59c,Customer 782,Class,2025-04-11,Pending,Gymnastics,James Howard,10:00,90.00,133.94,N/A,N/A,Gymnastics,Birthday Party,customer782@example.com,001-108-9021
dc7f2313-7d8c-4912-b1bd-9c8ef298628b,9abdd2a4-7390-4fb0-a1c3-9ceb97060890,Customer 783,Class,2025-04-06,Pending,Dance,James Howard,10:00,45.00,54.46,N/A,N/A,Dance,Class,customer783@example.com,001-866-2488
77c602e6-6561-4c9b-82fe-0073fe14aa21,10bc0242-b238-42b6-addc-7a578b2af933,Customer 786,Class,2025-05-24,Pending,Art,James Howard,09:00,120.00,288.08,N/A,N/A,Art,Class,customer786@example.com,Not Provided
232b2503-665d-4a0f-acf6-55659e4dba7b,a2ee5af8-7314-4164-9641-e941838f4b4a,Customer 788,Class,2025-05-19,Confirmed,Gymnastics,James Howard,13:00,120.00,187.52,N/A,N/A,Gymnastics,Birthday Party,customer788@example.com,001-758-9166
1811b27c-f605-4874-9f52-dce33707691e,7a06296c-69ca-40a9-a9ca-8bc4989bbf82,Customer 543,Class,2025-06-09,Confirmed,Gymnastics,Lisa Hensley,10:00,120.00,159.03,N/A,N/A,Gymnastics,Class,customer543@example.com,001-305-5722
466699cc-e766-4ba1-83c5-e48ed4731e4d,fcf29270-419a-4ecd-9773-a9300e76a5a1,Customer 937,Class,2025-06-11,Confirmed,Gymnastics,Amanda Davis,09:00,90.00,241.78,N/A,N/A,Gymnastics,Class,customer937@example.com,Not Provided
27bb6d81-a22f-4606-9782-bc0f9f3529eb,668edd47-8b4a-4079-a51d-dcb125903c33,Customer 941,Class,2025-05-11,Pending,Dance,Amanda Davis,14:00,90.00,206.74,N/A,N/A,Dance,Birthday Party,customer941@example.com,001-328-3930
bfd6e906-04ca-47c1-bb89-519e9aec4b5e,cfa15167-83ac-4ce6-acfa-7ef02d4c1ef1,Customer 944,Class,2025-06-07,Pending,Gymnastics,James Howard,10:00,90.00,272.32,N/A,N/A,Gymnastics,Facility,customer944@example.com,Not Provided
b5aed5cd-b3f2-4789-99c1-70448edacc57,54368dad-0561-44eb-bae5-803f20139ad0,Customer 947,Class,2025-04-06,Confirmed,Dance,Lisa Hensley,16:00,120.00,161.45,N/A,N/A,Dance,Class,customer947@example.com,001-898-4469
74857cc4-4e61-492d-a0ef-c35d96f1f807,ddb2302d-fa9d-4d36-a0ad-dd3381cea50c,Customer 961,Class,2025-03-28,Pending,Art,Unknown Instructor,10:00,90.00,0,N/A,N/A,Art,Facility,customer961@example.com,001-198-3080
8e6034a8-add2-41e8-9084-a5c36ce65b97,b843ed19-4ccb-440f-a1a3-b94a162f726b,Customer 962,Class,2025-03-25,Confirmed,Gymnastics,Lisa Hensley,14:00,90.00,115.3,N/A,N/A,Gymnastics,Birthday Party,customer962@example.com,001-950-6514
fba052c6-0911-42e8-a30f-23cb717b9b81,3ca5e9bc-af0a-4997-879a-9e034b5b026f,Customer 367,Facility,2025-05-11,Pending,N/A,N/A,Unknown,0.00,279,Party Room,N/A,Party Room,Birthday Party,customer367@example.com,001-661-9237
0533423c-6357-4543-a5c6-f4b6032ea122,f3efe5cd-3028-4ed4-8119-db16735a2ec3,Customer 887,Birthday Party,2025-04-01,Pending,N/A,N/A,Unknown,0.00,145.66,Play Area,No Theme Selected,Play Area,Birthday Party,customer887@example.com,001-172-6947
261f9dca-e87f-4f9f-8a21-9e6c044d9490,e5ffcbcf-2ebf-4c07-9631-9e0173257d0e,Customer 296,Birthday Party,2025-04-02,Confirmed,N/A,N/A,Unknown,83.06,159.03,Play Area,Sports,Play Area,Birthday Party,customer296@example.com,001-910-5799
d10de4ee-1592-438c-9897-b66f9e236eea,4dc3f687-1a32-4b36-b5ba-628b1b7bbc75,Customer 9,Birthday Party,2025-05-19,Confirmed,N/A,N/A,Unknown,83.06,159.03,Party Room,Sports,Party Room,Birthday Party,Not Provided,001-725-8127
633d1590-d9b2-4263-9b29-8589333c7a0a,10cd8264-a18b-4ee4-a035-27058df83238,Customer 997,Class,2025-05-02,Confirmed,Art,James Howard,Unknown,83.06,119.02,N/A,N/A,Art,Class,customer997@example.com,Not Provided
2ff36e6b-da33-425e-802e-95b88bfd2e57,46daf7bb-edb9-4795-9c19-e5975a898d93,Customer 989,Class,2025-03-25,Pending,Art,James Howard,Unknown,0.00,179.95,N/A,N/A,Art,Facility,customer989@example.com,001-728-7350
c5603ab6-58af-4108-8682-307beab85d10,3406e7b5-a5ba-4633-8532-ffd1cc8cb045,Customer 816,Class,2025-04-20,Pending,Gymnastics,James Howard,15:00,90.00,133.79,N/A,N/A,Gymnastics,Birthday Party,Not Provided,001-793-9926
1534f591-a526-4315-a51e-4d027d30a3ee,260bff2c-457d-41f4-994e-4628e33deab8,Customer 818,Class,2025-05-08,Pending,Art,James Howard,13:00,45.00,263.92,N/A,N/A,Art,Birthday Party,customer818@example.com,001-806-6425
d16fd696-7a76-4a2f-9212-d08cec8c1f42,620f2557-8738-4641-80a3-a8a8d5e5b1e4,Customer 819,Class,2025-06-10,Pending,Dance,Lisa Hensley,12:00,45.00,213.08,N/A,N/A,Dance,Class,customer819@example.com,001-352-7036
6f28f8ff-cc23-46cf-9cd2-542ae3725d84,65987963-9ba0-462b-ad77-0db572a90fad,Customer 822,Class,2025-06-20,Pending,Dance,Unknown Instructor,11:00,90.00,185.23,N/A,N/A,Dance,Class,customer822@example.com,001-991-6593
efa85d06-b44d-4c14-95e6-5f6504d14324,7c2e1cd9-72c0-4e30-9e30-ece1eef17132,Customer 971,Class,2025-05-09,Confirmed,Art,Lisa Hensley,15:00,45.00,51.13,N/A,N/A,Art,Birthday Party,customer971@example.com,001-987-4870
ca589bed-c7c5-4606-bef4-def153210bbf,09d5ef37-3a59-473c-9b78-9b656c290a6b,Customer 972,Class,2025-05-15,Pending,Art,Lisa Hensley,15:00,90.00,21.09,N/A,N/A,Art,Class,customer972@example.com,Not Provided
e0712ac4-0d70-4d3c-98aa-5a0b8db93991,1497c7ce-ee73-484a-b0c5-db85f467c8e5,Customer 410,Facility,2025-03-27,Pending,N/A,N/A,10:00,45.00,47.22,Party Room,N/A,Party Room,Facility,customer410@example.com,001-818-1761
d0699eb0-a119-4fa5-9be7-aaec25ac5d07,98150d27-8928-407b-a9ed-3ea3765e6d33,Customer 412,Facility,2025-06-17,Pending,N/A,N/A,09:00,90.00,220.07,Play Area,N/A,Play Area,Facility,customer412@example.com,001-324-3600
d616f06e-dde3-4b16-8f29-46de836149ba,c47dceaa-f86d-4420-8bed-ba1b4bd60d09,Customer 417,Facility,2025-05-11,Pending,N/A,N/A,14:00,120.00,33.17,Party Room,N/A,Party Room,Facility,customer417@example.com,001-885-6574
85a3b602-849d-4210-bf22-dbb2b3d85a60,ae8c2f4d-ec76-4689-b77d-cffa53f94e71,Customer 418,Facility,2025-03-30,Pending,N/A,N/A,14:00,45.00,171.93,Party Room,N/A,Party Room,Facility,customer418@example.com,001-647-4695
0cfcfad3-9aa0-40ba-affc-f3598387168e,ef075240-a798-4e20-b16c-a81a9abedf50,Customer 423,Facility,2025-05-05,Confirmed,N/A,N/A,12:00,120.00,232.57,Play Area,N/A,Play Area,Class,customer423@example.com,001-628-2036
d949e6bd-84ce-4fe6-91b7-04ec504ef960,5e5117bc-158f-4753-b431-bf4bf7d244dd,Customer 427,Facility,2025-04-24,Pending,N/A,N/A,15:00,90.00,229.51,Play Area,N/A,Play Area,Facility,customer427@example.com,001-762-4409
5b5edfc1-9115-4989-9667-3d2d486c2e27,e60fb6ba-f378-4c34-9b38-a9576b592473,Customer 429,Facility,2025-05-02,Confirmed,N/A,N/A,12:00,120.00,99.4,Play Area,N/A,Play Area,Birthday Party,customer429@example.com,001-369-4017
36b21e4e-bcd5-4f74-87e8-26c3b7ec6f93,f72619c6-4a22-4879-a45d-298f9868ade8,Customer 431,Facility,2025-04-07,Pending,N/A,N/A,15:00,45.00,73.7,Play Area,N/A,Play Area,Facility,customer431@example.com,001-838-2767
ddb2acd8-8efe-4909-b82c-9892737ce9a9,3acb5c25-fb64-4aee-afc9-1dce2055e6e0,Customer 42,Facility,2025-06-05,Confirmed,N/A,N/A,16:00,120.00,187.17,Play Area,N/A,Play Area,Facility,customer42@example.com,001-956-5794
3940c74f-0874-4870-b979-cf746846132f,e535e39b-699a-42f6-a440-8ce083e79e69,Customer 462,Facility,2025-04-07,Pending,N/A,N/A,Unknown,0.00,61.72,Party Room,N/A,Party Room,Facility,customer462@example.com,001-799-8115
b652d836-147f-47c4-bc42-b3ea6ab21dc0,e5799f15-61fa-47cf-9a34-5713405a54cb,Customer 46,Facility,2025-05-08,Confirmed,N/A,N/A,13:00,45.00,246.09,Play Area,N/A,Play Area,Facility,customer46@example.com,001-836-8656
606f9ef5-5de8-4634-95ef-fe6787030e9c,a8fe6bb8-a2f2-4bfd-8d2a-c9d3e515987b,Customer 53,Facility,2025-05-14,Confirmed,N/A,N/A,09:00,45.00,70.18,Party Room,N/A,Party Room,Facility,customer53@example.com,001-727-2220
7ce01e15-2d33-4c12-8bae-6484555ea35c,6b533313-a4ce-46f3-bd73-33f2b822aa30,Customer 419,Birthday Party,2025-04-19,Confirmed,N/A,N/A,11:00,45.00,34.55,Play Area,Princess,Play Area,Class,customer419@example.com,001-962-9786
8e6db61d-f2b0-47ec-990a-e90cf324e049,6c1e1393-6b25-4f35-9833-f2ff5424bac2,Customer 660,Birthday Party,2025-04-19,Pending,N/A,N/A,Unknown,0.00,294.41,Party Room,Sports,Party Room,Birthday Party,customer660@example.com,001-996-8470
1ac2542c-5496-41e7-a3fc-96ac07b6c7e3,418b28b0-8cdc-4c0f-ac02-fa33a1ef2804,Customer 871,Class,2025-06-16,Confirmed,Art,Lisa Hensley,10:00,45.00,191.65,N/A,N/A,Art,Class,customer871@example.com,001-446-6483
0f3d5e44-0a82-42d7-9fe6-48a371565bcd,54351ed5-de71-4dbd-96d4-84a4410dadc2,Customer 872,Class,2025-05-31,Confirmed,Gymnastics,Lisa Hensley,13:00,90.00,178.96,N/A,N/A,Gymnastics,Class,customer872@example.com,001-964-7851
48f51309-f8f3-4e79-ab76-59106aedf109,b52ea3be-91af-4c87-94e6-8e5554708370,Customer 878,Class,2025-03-27,Pending,Art,Lisa Hensley,09:00,90.00,274.31,N/A,N/A,Art,Birthday Party,customer878@example.com,001-876-8011
135a863e-520f-42f2-97ed-58b232b54754,8bd1d063-2db6-4546-b9b0-6548d7794be6,Customer 882,Class,2025-06-06,Confirmed,Dance,James Howard,12:00,90.00,231.7,N/A,N/A,Dance,Class,customer882@example.com,Not Provided
b3df23f1-aa22-4fe7-8d9f-959a4d446fbc,f78e79df-ffd1-4c1e-86e0-9620d6e10da1,Customer 64,Facility,2025-04-30,Pending,N/A,N/A,Unknown,0.00,228.65,Party Room,N/A,Party Room,Facility,customer64@example.com,001-689-4507
1bc8d4cd-f010-49eb-a6c6-b633471b5fc0,016bfc18-3e91-455c-aefc-94bc32098057,Customer 89,Facility,2025-06-07,Confirmed,N/A,N/A,13:00,45.00,125.53,Play Area,N/A,Play Area,Facility,customer89@example.com,001-105-4893
1d3feb61-1d71-47d4-8985-aa7bdbed7f6d,f35a2828-f213-478f-97f4-8f04c6c0a856,Customer 91,Facility,2025-06-14,Pending,N/A,N/A,16:00,45.00,197.21,Play Area,N/A,Play Area,Facility,customer91@example.com,001-996-4274
01d5ff2b-7b3a-4db4-80a1-3635c73a38de,5ebaaa99-b700-4d62-8521-e8c5beadc0ba,Customer 94,Facility,2025-04-21,Pending,N/A,N/A,17:00,90.00,247.36,Play Area,N/A,Play Area,Birthday Party,customer94@example.com,001-950-1497
934e95a6-1c52-4077-8ff1-cd3ca1c88b55,005c857c-bced-40b0-b29b-b394a06d17dc,Customer 96,Facility,2025-05-17,Pending,N/A,N/A,12:00,90.00,185.46,Play Area,N/A,Play Area,Facility,customer96@example.com,001-386-5226
2419500a-b3e7-4b0a-9892-86bf3196374a,fa83bd54-f620-4382-98c3-29e93b1c6a4f,Customer 612,Facility,2025-06-11,Confirmed,N/A,N/A,Unknown,83.06,181.17,Play Area,N/A,Play Area,Facility,customer612@example.com,001-466-6411
3a6aa57a-a066-4ae3-be6c-9213499d0c11,c271eb02-1f3c-4180-9e2b-3440426e8c72,Customer 577,Facility,2025-04-29,Confirmed,N/A,N/A,11:00,120.00,159.03,Play Area,N/A,Play Area,Facility,customer577@example.com,001-289-8561
e94290ee-15cc-4e1f-a902-7fb8a43558c4,d903360b-48f9-43a4-bf00-62c63f55a345,Customer 574,Facility,2025-04-22,Pending,N/A,N/A,12:00,120.00,270.87,Play Area,N/A,Play Area,Birthday Party,customer574@example.com,001-653-6254
86185d87-ccbb-4760-bd50-e52efd34d1a1,27c2d603-69e5-4dd6-ae3e-1e773f572841,Customer 591,Facility,2025-05-29,Confirmed,N/A,N/A,14:00,45.00,60.14,Party Room,N/A,Party Room,Facility,Not Provided,001-622-9142
2c896241-394d-4119-aad2-e0cc54662ac6,48a114f4-ae5a-4a29-9fe8-8d21f4373e8e,Customer 598,Facility,2025-06-04,Pending,N/A,N/A,09:00,120.00,30.09,Play Area,N/A,Play Area,Facility,customer598@example.com,Not Provided
3c888ef3-8801-4628-9c46-6a2015c5021e,9b910b87-8e94-4206-99e6-7b21a595f488,Customer 103,Facility,2025-05-14,Pending,N/A,N/A,14:00,90.00,213.84,Play Area,N/A,Play Area,Birthday Party,customer103@example.com,001-620-4754
b85249e0-2be0-4833-8eb1-070141e2acd0,e54493bd-4324-4cb1-8293-eb02f2511024,Customer 757,Class,2025-04-08,Pending,Art,James Howard,14:00,90.00,256.87,N/A,N/A,Art,Class,customer757@example.com,001-583-6689
fb42489c-d37e-48df-89a7-7065a8d9aa00,9587c9cf-e1c9-4e27-8289-3b79d45b297d,Customer 758,Class,2025-05-09,Confirmed,Gymnastics,Unknown Instructor,10:00,45.00,20.89,N/A,N/A,Gymnastics,Birthday Party,customer758@example.com,001-674-6450
f821405b-e1c5-4758-8eea-4ec91cd2ab4e,f3135bce-3128-4819-b9c4-2d630c69fbe2,Customer 754,Class,2025-05-16,Confirmed,Dance,Amanda Davis,Unknown,83.06,246.44,N/A,N/A,Dance,Class,Not Provided,001-211-1673
33ede946-69ba-445a-b6c8-bbd47bea79dd,1fc1abe8-bd11-42fd-af8a-6b9979a4f970,Customer 891,Class,2025-03-30,Confirmed,Gymnastics,Lisa Hensley,Unknown,83.06,205.06,N/A,N/A,Gymnastics,Class,customer891@example.com,Not Provided
3c6ff301-0e73-4231-97af-840702f7628e,94eee43b-a9b9-4ef4-87a3-4e63f358a448,Customer 913,Class,2025-06-11,Confirmed,Art,James Howard,Unknown,83.06,159.03,N/A,N/A,Art,Class,Not Provided,001-426-8026
23f17fb9-1dd8-4136-a80a-7be4827b4ac7,a50c3edf-766a-463b-a84a-5ce3d048f671,Customer 918,Class,2025-04-07,Confirmed,Art,Unknown Instructor,11:00,45.00,159.03,N/A,N/A,Art,Class,customer918@example.com,001-304-3751
cef48187-8952-4392-bb48-7e9127686c9a,955440a2-278e-44a2-8e40-699c796242d0,Customer 890,Class,2025-05-20,Confirmed,Gymnastics,Unknown Instructor,13:00,120.00,249.89,N/A,N/A,Gymnastics,Class,Not Provided,001-789-4666
61d16892-5174-40ba-8976-613a2f0c308d,c7e145c8-3845-46d6-b843-bca9f7d8420e,Customer 54,Birthday Party,2025-06-10,Confirmed,N/A,N/A,12:00,90.00,195.14,Play Area,Princess,Play Area,Birthday Party,customer54@example.com,Not Provided
b23286f7-ef04-48b3-ac29-b4dd0aa7346f,db9907ee-9516-408b-b63a-c9466c5fd481,Customer 60,Birthday Party,2025-06-13,Confirmed,N/A,N/A,12:00,45.00,280.1,Party Room,Superhero,Party Room,Birthday Party,customer60@example.com,001-150-5205
a27b3485-77fe-46fc-b1fc-2f9b3dfeb39e,2f5356c6-4b92-446c-8326-cf6ae8eb7910,Customer 62,Birthday Party,2025-05-16,Pending,N/A,N/A,17:00,120.00,260.1,Party Room,Princess,Party Room,Birthday Party,customer62@example.com,001-920-5897
73606a19-f235-4f30-92b7-ae011b9c0616,9d3f0caa-37a0-4992-8355-e0526c5a9812,Customer 65,Birthday Party,2025-04-10,Pending,N/A,N/A,13:00,90.00,124.08,Play Area,No Theme Selected,Play Area,Class,customer65@example.com,001-722-9931
db77ec5e-9745-418e-8d67-a3e55ea57f11,12a024ea-5fe2-418c-a2d5-43fb47e5fc4e,Customer 77,Birthday Party,2025-04-22,Pending,N/A,N/A,09:00,120.00,205.89,Party Room,Sports,Party Room,Birthday Party,customer77@example.com,001-247-2029
41a83273-79e3-411e-b75c-820fd29eda2b,ac459a33-421d-4026-941e-5e1fc7f74ff3,Customer 82,Birthday Party,2025-06-10,Pending,N/A,N/A,10:00,120.00,82.11,Party Room,Sports,Party Room,Birthday Party,customer82@example.com,001-123-5226
4a519a51-fc0e-4996-af98-9d3379872814,ba3c6650-cb6f-4705-b700-242eb642703c,Customer 894,Class,2025-04-05,Pending,Dance,Unknown Instructor,13:00,120.00,172.97,N/A,N/A,Dance,Facility,customer894@example.com,001-126-4466
9f46ad06-75c9-40fc-ac16-81b2827e7006,7dc5d2e6-ef53-4337-a8be-546fe35f5471,Customer 105,Facility,2025-04-04,Confirmed,N/A,N/A,16:00,90.00,64.28,Party Room,N/A,Party Room,Class,Not Provided,001-191-1861
841b9e8a-a5f8-4ddb-ab4b-0a359e2fc519,572800cc-a6d5-498f-9722-e5b709e62e13,Customer 107,Facility,2025-06-01,Pending,N/A,N/A,09:00,120.00,33.89,Play Area,N/A,Play Area,Facility,customer107@example.com,001-426-7346
3c1d72d8-bf35-42ad-a3cd-b53c6967f1ca,d7764325-fbb0-4741-b86d-222576434d4d,Customer 115,Facility,2025-06-12,Pending,N/A,N/A,10:00,45.00,227,Party Room,N/A,Party Room,Class,customer115@example.com,Not Provided
d3f21585-d4a8-48fa-9133-65bf4d8a0fe7,43f454b2-569d-476b-a55e-53dfb732a2bb,Customer 116,Facility,2025-06-01,Pending,N/A,N/A,12:00,120.00,278.42,Play Area,N/A,Play Area,Facility,customer116@example.com,001-385-3987
6ad0140c-694f-41a0-86ea-5f9f90a77022,6e95cb33-3a68-445b-99d3-7f7df9b0400c,Customer 287,Facility,2025-05-10,Confirmed,N/A,N/A,10:00,120.00,15.67,Party Room,N/A,Party Room,Birthday Party,Not Provided,001-729-4778
3313fdd6-11ec-413a-b54a-0d1f89e7d126,bd7a4bba-dc2f-4888-badb-3eb7ff35d381,Customer 288,Facility,2025-06-03,Pending,N/A,N/A,16:00,120.00,247.88,Party Room,N/A,Party Room,Birthday Party,customer288@example.com,001-846-3827
350a73e2-c94a-4f6d-9b6e-01cbc7995dfd,8933bb20-3fe7-4aab-acf6-39d3c6e5848e,Customer 304,Facility,2025-04-06,Confirmed,N/A,N/A,14:00,45.00,28.44,Play Area,N/A,Play Area,Facility,customer304@example.com,001-696-4183
ef1c5a26-3389-4c10-a2a8-651e1aba2ff6,c7223333-4b18-4a00-966d-0d82dfd21259,Customer 554,Facility,2025-06-04,Confirmed,N/A,N/A,Unknown,83.06,290.64,Party Room,N/A,Party Room,Facility,customer554@example.com,001-984-2473
4a968aa1-1d39-4ab4-ac4c-9bc6eee7cd81,f4baac0e-b853-4d65-b701-8d5bb523aeed,Customer 557,Facility,2025-05-11,Confirmed,N/A,N/A,Unknown,83.06,139.42,Play Area,N/A,Play Area,Facility,customer557@example.com,Not Provided
d63a0102-ca66-454e-9ff8-ab9475992f1a,b6eb129e-6384-4460-9a9a-b5ff6a15667b,Customer 541,Facility,2025-04-24,Pending,N/A,N/A,Unknown,0.00,104.9,Party Room,N/A,Party Room,Facility,customer541@example.com,001-417-8167
5649dd47-2eed-47f4-ad87-7ef8821f774c,d37f81e9-6d95-49c8-87eb-18016cfa6fc7,Customer 87,Birthday Party,2025-05-09,Confirmed,N/A,N/A,10:00,120.00,47.49,Party Room,Princess,Party Room,Class,customer87@example.com,001-147-6329
58033b55-5165-414f-8e9e-6ed7070907ed,e883460b-a015-432a-8c23-5bfbcd0c186b,Customer 770,Birthday Party,2025-04-21,Confirmed,N/A,N/A,Unknown,83.06,100.68,Play Area,Superhero,Play Area,Birthday Party,customer770@example.com,001-625-1201
c348740b-62ec-4a5c-8bc5-8a0789e78a3f,dc32bdde-3b5d-4c48-9f35-2f273c50ffe8,Customer 803,Birthday Party,2025-05-29,Confirmed,N/A,N/A,Unknown,83.06,56.4,Play Area,No Theme Selected,Play Area,Class,customer803@example.com,001-645-4981
e7c3925d-0348-44c2-acb6-0a732b654f7e,cb4c1d10-0923-495d-b570-05a483b01cf7,Customer 805,Birthday Party,2025-05-23,Confirmed,N/A,N/A,Unknown,83.06,63.07,Play Area,Princess,Play Area,Birthday Party,customer805@example.com,001-126-5400
8ccda574-2170-4f52-af66-3ba58a262d50,46e7ea5f-4f29-49a6-828a-414783453020,Customer 204,Birthday Party,2025-06-12,Pending,N/A,N/A,14:00,120.00,84.7,Play Area,Superhero,Play Area,Birthday Party,customer204@example.com,001-873-4213
56c764eb-b755-4137-b196-53eadd942cc1,61d0bb2e-b419-4b5f-980a-2a345fd3d0d8,Customer 205,Birthday Party,2025-05-28,Pending,N/A,N/A,14:00,120.00,34.89,Party Room,Sports,Party Room,Facility,customer205@example.com,001-565-1604
8d6e968b-5a85-40c6-90be-c520b09952fe,ca35c55b-7e8e-4f17-8c6d-64a9824c2c54,Customer 555,Facility,2025-05-09,Pending,N/A,N/A,Unknown,0.00,286.15,Play Area,N/A,Play Area,Facility,customer555@example.com,Not Provided
746d3d3f-fd23-4e94-9622-93753b36c221,b3a8fcb3-c04b-4c10-965f-1f081050830d,Customer 535,Facility,2025-05-25,Confirmed,N/A,N/A,13:00,120.00,159.03,Play Area,N/A,Play Area,Class,customer535@example.com,001-957-9932
14620242-3f2e-4e43-96ae-a1f53f22ac9d,e58210c3-dd4e-42cd-bfd0-f5bd82d0ffe6,Customer 560,Facility,2025-03-28,Confirmed,N/A,N/A,17:00,120.00,159.03,Party Room,N/A,Party Room,Facility,customer560@example.com,Not Provided
7dcb317c-8eb8-44ac-801c-ed60a3667d67,5f68cc42-6ca0-4273-8805-6f2ab6302ac2,Customer 515,Facility,2025-06-11,Confirmed,N/A,N/A,16:00,45.00,277.32,Play Area,N/A,Play Area,Facility,customer515@example.com,001-102-5213
c697baa7-b7c3-43b3-88d2-26b1538099dc,9df8a37f-00dc-47af-8766-190f6aee59cf,Customer 522,Facility,2025-06-15,Pending,N/A,N/A,17:00,90.00,149.45,Play Area,N/A,Play Area,Facility,customer522@example.com,Not Provided
fd27e830-e702-4b2c-ae7b-5fd53349dbb4,2401c2d4-7aa5-4ec9-93a7-70b523a6a3f8,Customer 527,Facility,2025-04-24,Confirmed,N/A,N/A,09:00,90.00,191.35,Party Room,N/A,Party Room,Facility,customer527@example.com,001-730-6360
10b90a70-178e-436d-a201-14c85e94dd6c,c52be546-e029-4d55-b36a-ae167e02cc36,Customer 532,Facility,2025-03-30,Pending,N/A,N/A,13:00,45.00,107.77,Party Room,N/A,Party Room,Class,customer532@example.com,001-490-5537
5c9bd7b4-4f66-40b6-986a-570ae585080d,a13a7989-dc34-437f-9f28-b89a1be3c613,Customer 666,Facility,2025-04-13,Confirmed,N/A,N/A,12:00,45.00,159.03,Party Room,N/A,Party Room,Facility,customer666@example.com,001-447-3895
20680d42-ba10-4148-8bd3-45f78b7e1497,a0c896c4-4e28-431c-846c-ce5e262fbc0c,Customer 542,Facility,2025-06-20,Confirmed,N/A,N/A,14:00,45.00,242.2,Play Area,N/A,Play Area,Facility,customer542@example.com,001-482-1330
53b566ef-30de-484e-874b-3894da942180,2c5642ec-f022-4677-ae81-82af7e3a7d93,Customer 888,Facility,2025-03-27,Pending,N/A,N/A,14:00,45.00,191.91,Play Area,N/A,Play Area,Facility,Not Provided,001-556-1806
cc731155-4997-4933-a2de-9e569dac2eff,9f53f5e7-f172-4a9a-af1d-97681b15ce0e,Customer 441,Birthday Party,2025-06-15,Pending,N/A,N/A,13:00,90.00,79.95,Party Room,Princess,Party Room,Birthday Party,customer441@example.com,001-788-8475
cd63957f-ac61-4cf6-856c-2a8b2141fc52,7cc64d33-2761-40b2-bdac-3597cb3c5655,Customer 443,Birthday Party,2025-05-21,Confirmed,N/A,N/A,13:00,120.00,223.02,Party Room,Sports,Party Room,Facility,customer443@example.com,001-315-6559
8f37ba40-6ac9-41ab-a03a-788dbce880e8,db0b2754-8872-4649-8c43-68423ec6f0c6,Customer 445,Birthday Party,2025-04-30,Pending,N/A,N/A,12:00,120.00,0,Party Room,Superhero,Party Room,Class,customer445@example.com,001-922-1496
122be79b-50fe-45de-8943-13d1824cc5c2,0b6ebede-6959-416c-b1b8-983dcc0ff83f,Customer 637,Facility,2025-05-19,Confirmed,N/A,N/A,09:00,90.00,262.07,Play Area,N/A,Play Area,Birthday Party,customer637@example.com,001-876-9791
e4b6ff3e-dc6c-432f-a44a-6ee8d9dc8e85,02989775-bb97-4651-ae29-b11aa3ffc539,Customer 642,Facility,2025-04-21,Pending,N/A,N/A,13:00,120.00,130,Play Area,N/A,Play Area,Facility,customer642@example.com,001-956-6580
6db0e47f-7652-48b9-bc0c-c08bcba4603d,068a496c-9701-4da4-91eb-041fd5ecbb9f,Customer 643,Facility,2025-05-16,Pending,N/A,N/A,11:00,120.00,81.23,Party Room,N/A,Party Room,Facility,customer643@example.com,001-401-5977
e864adba-9939-4d17-8e9f-fb47371c1e69,1c60f22c-8070-4192-bfd3-ae6097396c40,Customer 645,Facility,2025-05-30,Pending,N/A,N/A,17:00,120.00,155.21,Play Area,N/A,Play Area,Facility,customer645@example.com,Not Provided
8b8b193e-7cbe-4b22-b045-541fff7927bd,a10b84c1-f9ea-40bd-b7e8-7b8ebf567238,Customer 646,Facility,2025-05-09,Pending,N/A,N/A,10:00,90.00,42.07,Play Area,N/A,Play Area,Facility,customer646@example.com,001-433-7580
9be780e9-b45c-4a62-9350-0906c6c5b3ae,d5164e1a-0262-4dc3-aadd-46d11a8aa97a,Customer 663,Facility,2025-06-09,Confirmed,N/A,N/A,12:00,90.00,285.37,Play Area,N/A,Play Area,Class,customer663@example.com,001-532-2010
b89b87da-ee60-489c-b66b-fad20d0b0d3b,090b2ec3-1641-48e9-ad18-2ff067d3a4fd,Customer 498,Facility,2025-05-01,Confirmed,N/A,N/A,15:00,120.00,188.54,Play Area,N/A,Play Area,Facility,customer498@example.com,001-962-8408
f8dbc5d4-14b5-49da-acf0-b56f7b0d0a32,ef82daf3-2322-4d32-aaf6-9da3c5bf3449,Customer 704,Facility,2025-06-02,Confirmed,N/A,N/A,Unknown,83.06,161.47,Party Room,N/A,Party Room,Facility,customer704@example.com,001-383-1045
eb04cf01-33f4-4be2-8a44-04dd66bfd360,71a8a611-7227-44a9-ae06-60144c5c0032,Customer 696,Facility,2025-04-11,Pending,N/A,N/A,Unknown,0.00,276.5,Play Area,N/A,Play Area,Facility,customer696@example.com,001-846-7528
59b7318b-2c09-41c1-b4df-bce369d75221,c281d6a1-7bc4-43f5-b293-68051c62e554,Customer 705,Facility,2025-04-02,Pending,N/A,N/A,Unknown,0.00,115.46,Party Room,N/A,Party Room,Facility,customer705@example.com,001-856-6236
6dece0ee-5c3b-40b1-9080-e308a1526e04,ae519e50-6a84-4b12-b160-85c0141db435,Customer 706,Facility,2025-03-28,Pending,N/A,N/A,Unknown,0.00,198.2,Play Area,N/A,Play Area,Facility,customer706@example.com,001-770-3218
3daeceb5-d405-4dc6-b660-de5dcae59b9b,ec0e77d5-727a-4048-93bc-7eaf11e982f3,Customer 694,Facility,2025-04-16,Pending,N/A,N/A,13:00,45.00,228.47,Play Area,N/A,Play Area,Facility,customer694@example.com,001-284-5243
4f25d8bc-dd41-493e-b413-c0d1d8dcefd7,293383a2-fa4a-4c9e-814a-05bb4cf9f641,Customer 697,Facility,2025-05-12,Confirmed,N/A,N/A,09:00,45.00,69.59,Party Room,N/A,Party Room,Facility,customer697@example.com,001-597-7740
0d2d9e87-dbb4-4190-9aee-3ef7466687ae,17ae592f-3890-42ec-a3b9-ac3a5a820e59,Customer 870,Class,2025-04-05,Confirmed,Gymnastics,Unknown Instructor,10:00,90.00,97.18,N/A,N/A,Gymnastics,Birthday Party,Not Provided,001-650-2725
ba583eeb-6dac-409d-b1f5-01c8c6e173eb,878bb650-b9d5-498f-a6e6-efe727318501,Customer 211,Birthday Party,2025-05-01,Pending,N/A,N/A,15:00,90.00,146.02,Party Room,Sports,Party Room,Birthday Party,customer211@example.com,001-452-2685
ca1464ac-1745-4346-ae20-78a640f087c7,2769285c-1de2-40e6-afa9-55ffafc4c0f0,Customer 311,Birthday Party,2025-05-31,Pending,N/A,N/A,11:00,90.00,70.5,Play Area,No Theme Selected,Play Area,Birthday Party,customer311@example.com,001-118-5443
bf8327bf-6e5d-4b24-b9e8-8d0b398bd676,2490315d-4157-4e9f-96ab-98c6576faa90,Customer 321,Birthday Party,2025-03-31,Confirmed,N/A,N/A,13:00,90.00,152.36,Play Area,Princess,Play Area,Birthday Party,customer321@example.com,001-890-9632
236af988-d2ca-40f2-8c13-1551d90f8f9b,33ceedc3-d289-4ecb-81e7-903596b5adcb,Customer 326,Birthday Party,2025-05-10,Confirmed,N/A,N/A,12:00,90.00,40.73,Play Area,Superhero,Play Area,Birthday Party,customer326@example.com,001-135-3269
450ba31b-7b40-4d76-8fc7-3f2b5d447c1c,17ee5b69-4e73-450d-97dc-5c1e7406ab7c,Customer 415,Birthday Party,2025-06-22,Confirmed,N/A,N/A,12:00,90.00,141.81,Play Area,Superhero,Play Area,Birthday Party,customer415@example.com,001-821-8282
b8717874-9f06-4a2d-bcac-26abdd66114c,1735f02b-c751-4ee0-b989-bd2da09b4172,Customer 416,Birthday Party,2025-04-19,Confirmed,N/A,N/A,10:00,45.00,62.43,Party Room,Superhero,Party Room,Class,customer416@example.com,001-392-7071
9345787e-7be3-4cf0-9115-85150e606324,8029a69a-a7ae-4c44-bb76-499014ce608e,Customer 703,Facility,2025-06-16,Pending,N/A,N/A,17:00,45.00,146.73,Play Area,N/A,Play Area,Facility,customer703@example.com,001-169-4646
a6dd4e28-91ba-43e6-baf9-89a8b15c451e,c6f387ec-2c2d-4d1f-9f0c-1c2f64fcb035,Customer 710,Facility,2025-04-20,Pending,N/A,N/A,12:00,120.00,198.84,Play Area,N/A,Play Area,Class,customer710@example.com,001-964-7862
6d3529a5-cdac-43c6-8391-c6a078ce742e,245392eb-f198-4a39-9a4c-3c6e6615bc88,Customer 711,Facility,2025-05-20,Pending,N/A,N/A,10:00,120.00,210.87,Play Area,N/A,Play Area,Facility,customer711@example.com,Not Provided
e579bbbd-a7ef-4477-a375-23b7a4103a30,d5735efa-373f-499b-82db-c8e1aa389ae5,Customer 439,Facility,2025-05-14,Pending,N/A,N/A,13:00,45.00,235.99,Party Room,N/A,Party Room,Class,Not Provided,001-813-4261
9c6de3e3-e19b-409a-a4d4-77d71dd1ce50,905b6f77-044e-4122-a68a-9c2344410e33,Customer 712,Facility,2025-05-17,Pending,N/A,N/A,12:00,120.00,281.93,Party Room,N/A,Party Room,Birthday Party,customer712@example.com,001-660-6526
b86699e5-46ee-4fe4-9fea-768745b153e1,5b4bb905-7331-429e-9444-8e2b785744b1,Customer 713,Facility,2025-04-07,Confirmed,N/A,N/A,14:00,45.00,97.83,Party Room,N/A,Party Room,Birthday Party,Not Provided,001-240-4918
8b721456-3b90-4ae2-83ee-b065b583080c,9924b365-95ef-4bf3-a8ae-704d41a6f536,Customer 716,Facility,2025-05-17,Confirmed,N/A,N/A,14:00,120.00,282.85,Play Area,N/A,Play Area,Facility,customer716@example.com,001-140-6632
6481391e-15b4-4e1a-81e0-f490031624ae,6fd5b78e-07ad-4794-807a-38828b4476c6,Customer 719,Facility,2025-03-28,Pending,N/A,N/A,15:00,45.00,156.88,Party Room,N/A,Party Room,Facility,customer719@example.com,001-439-7299
47ed930c-d42e-4be0-89d3-d1198c9b9d30,a43d0a17-1b53-4459-b0c9-7fd65173344e,Customer 721,Facility,2025-04-17,Confirmed,N/A,N/A,15:00,90.00,238.94,Party Room,N/A,Party Room,Facility,customer721@example.com,Not Provided
69c256fd-7ea7-41fd-b7f3-cbc17ba40f94,36942518-2eae-40bc-a4f9-8bc61ed02945,Customer 724,Facility,2025-06-19,Pending,N/A,N/A,09:00,120.00,172.56,Party Room,N/A,Party Room,Facility,customer724@example.com,001-793-9804
1e4f6994-81da-4d96-9a3a-939af603e2e9,e0c1d8c4-5554-4c4a-89be-813fe4ecd283,Customer 727,Facility,2025-03-28,Pending,N/A,N/A,13:00,90.00,76.99,Play Area,N/A,Play Area,Facility,customer727@example.com,001-850-4388
d54b4c38-4fef-4158-86c3-11c5fa081bff,d550f7d9-56c1-46ee-acac-80c25cea6e16,Customer 733,Facility,2025-04-24,Confirmed,N/A,N/A,15:00,45.00,272.61,Party Room,N/A,Party Room,Facility,customer733@example.com,001-363-6971
6849405a-be95-4cc0-ae5f-5990b2b75afa,0241fa59-8145-4768-9992-6f23a4d14a2d,Customer 501,Facility,2025-06-16,Pending,N/A,N/A,14:00,90.00,47.15,Play Area,N/A,Play Area,Birthday Party,customer501@example.com,Not Provided
6884cd98-7b3b-49a8-a69f-deaec2bae678,88026dd2-b657-4ceb-aece-a2307dc3050a,Customer 502,Facility,2025-04-04,Pending,N/A,N/A,11:00,90.00,157.42,Party Room,N/A,Party Room,Facility,customer502@example.com,001-435-4159
31530f0d-296f-4650-874d-b6e559cb86d0,b9de4a80-2353-44dc-a70d-ae3545f3c6b6,Customer 503,Facility,2025-04-12,Pending,N/A,N/A,13:00,90.00,147.24,Play Area,N/A,Play Area,Facility,customer503@example.com,001-753-6996
c2c8353c-6d6c-42d9-ae7f-9432ce49cdf4,ba1a9093-eb50-4d3e-a3b8-a916ea42c6ec,Customer 771,Facility,2025-06-22,Confirmed,N/A,N/A,Unknown,83.06,167.67,Play Area,N/A,Play Area,Facility,customer771@example.com,001-217-5605
b61d89c1-1a58-4862-8c7f-3ffcb691645f,f8fcaf26-9d99-4a00-8643-7b87337a3588,Customer 784,Facility,2025-04-01,Confirmed,N/A,N/A,Unknown,83.06,93.57,Party Room,N/A,Party Room,Facility,customer784@example.com,Not Provided
c8ca42b6-e2f6-4a0b-821b-843b4f04c27c,8f0778cd-56c5-49ae-ab58-268d16034b70,Customer 787,Facility,2025-04-18,Pending,N/A,N/A,11:00,90.00,263.3,Play Area,N/A,Play Area,Facility,customer787@example.com,001-677-1744
6201821d-82e9-4279-a84c-238d98871597,7bc31655-6614-46f6-9817-2a04141be897,Customer 789,Facility,2025-05-09,Pending,N/A,N/A,09:00,120.00,243.43,Play Area,N/A,Play Area,Facility,customer789@example.com,001-450-7400
a00190eb-ad6d-4215-b16c-cb8424f7865e,dbe7f79e-3338-40ed-ac2f-aa9840dffa56,Customer 811,Facility,2025-04-07,Pending,N/A,N/A,09:00,45.00,69.02,Play Area,N/A,Play Area,Facility,customer811@example.com,001-190-3514
facf165c-654f-4af7-869a-787e38efaf23,579253e5-5936-407e-a9fa-58efef1b4693,Customer 880,Facility,2025-05-03,Pending,N/A,N/A,12:00,90.00,39.77,Play Area,N/A,Play Area,Birthday Party,customer880@example.com,Not Provided
b19012e8-fb4f-4878-84de-d989eda72b33,476e8ea8-3920-4b7b-89c2-16dc71f49e8d,Customer 935,Facility,2025-05-14,Pending,N/A,N/A,17:00,90.00,214.61,Play Area,N/A,Play Area,Birthday Party,Not Provided,001-696-2410
d6d3ff08-5ea2-4915-b960-b8bf08bc5988,ddd15b45-8ae0-4715-a72d-c5f7b78090ae,Customer 853,Facility,2025-05-19,Confirmed,N/A,N/A,Unknown,83.06,16.47,Play Area,N/A,Play Area,Facility,customer853@example.com,001-220-5029
b8bcfbb0-100c-42de-80b5-dc4916592d49,1645a1af-4ec3-42c2-85ac-d5d17c0d5ba7,Customer 863,Facility,2025-04-20,Confirmed,N/A,N/A,Unknown,83.06,170.9,Play Area,N/A,Play Area,Facility,customer863@example.com,001-444-7913
7b6ac619-21a0-45d4-9fce-e3a1eb31ae37,4f5f5fbe-1747-4dd9-ac8d-9d7dcaad519a,Customer 974,Birthday Party,2025-04-05,Pending,N/A,N/A,Unknown,0.00,0,Party Room,Princess,Party Room,Birthday Party,customer974@example.com,001-620-9175
d97b3c06-9361-4932-a453-8717d267771e,16bbd3d0-7b24-44d7-8db9-556e25dca8e5,Customer 312,Facility,2025-05-30,Confirmed,N/A,N/A,14:00,45.00,287.16,Play Area,N/A,Play Area,Facility,customer312@example.com,001-683-4824
32c39c9b-2769-40c0-8c77-fd029f8dcbe2,d2452635-2e47-447f-8065-32f01d673645,Customer 973,Birthday Party,2025-04-16,Confirmed,N/A,N/A,17:00,120.00,159.03,Party Room,Sports,Party Room,Birthday Party,customer973@example.com,Not Provided
24b3ef66-53e6-4e62-b0fb-f68a9ec40462,0814ac26-2ade-4fa4-a88d-24a4068e21b3,Customer 434,Birthday Party,2025-06-16,Confirmed,N/A,N/A,17:00,120.00,205.37,Party Room,Princess,Party Room,Class,customer434@example.com,001-309-9982
e964d479-8143-4f70-9499-07c979356467,d5854ca5-49ec-4834-a540-87a8c07254b1,Customer 264,Facility,2025-03-27,Pending,N/A,N/A,Unknown,0.00,148.18,Party Room,N/A,Party Room,Facility,customer264@example.com,Not Provided
c16c8d1f-0a59-4f90-98bb-8120970675a8,096e7a41-2c0c-48c6-bda3-ae5c9cff0502,Customer 363,Facility,2025-06-11,Confirmed,N/A,N/A,11:00,120.00,253.29,Play Area,N/A,Play Area,Birthday Party,customer363@example.com,001-364-4377
2972ab0c-d244-47d2-b926-7dc7f65c9297,f27016d6-9ff1-41da-9832-6263a6b78125,Customer 399,Facility,2025-05-26,Confirmed,N/A,N/A,10:00,120.00,222.13,Play Area,N/A,Play Area,Birthday Party,customer399@example.com,001-260-2058
10f6c1ff-eaf6-4e08-bb35-2a17dda0e74b,e195020c-df75-4f3b-b1cc-9aa8a7413f3c,Customer 405,Facility,2025-06-22,Confirmed,N/A,N/A,10:00,90.00,271.3,Party Room,N/A,Party Room,Facility,customer405@example.com,001-212-6926
7c9a4b63-7b6c-4ea0-957e-5548f45b67b2,045d7d2a-0858-4fff-8642-428882f39475,Customer 408,Facility,2025-06-04,Pending,N/A,N/A,09:00,90.00,234.66,Play Area,N/A,Play Area,Facility,customer408@example.com,001-253-8072
e43ea9e9-d0c7-4ac7-9cda-21d7af4d9cbb,16fd7991-cbfc-48ec-ad12-84ec8aa0ee18,Customer 402,Facility,2025-06-02,Confirmed,N/A,N/A,15:00,90.00,159.03,Party Room,N/A,Party Room,Class,customer402@example.com,001-202-5847
c33a3cf8-4106-44df-a4bd-14a902795501,1c79d072-ba16-4d68-a4e2-43572ccbeddf,Customer 977,Facility,2025-03-30,Pending,N/A,N/A,Unknown,0.00,88.88,Play Area,N/A,Play Area,Birthday Party,customer977@example.com,001-290-3761
9903a4de-dc67-4286-b089-3f8923ecb9c3,a5028506-0d66-41e8-85b7-5debba2cb5f5,Customer 975,Facility,2025-06-13,Pending,N/A,N/A,11:00,45.00,60.81,Party Room,N/A,Party Room,Facility,Not Provided,001-681-4184
5fbcd342-d1a2-4839-95a5-e9a3b9cfa991,8a63b5e3-98d0-4782-b34d-920868a9f578,Customer 976,Facility,2025-05-28,Confirmed,N/A,N/A,14:00,120.00,295.57,Play Area,N/A,Play Area,Facility,customer976@example.com,001-681-9425
786e42ce-7760-4b20-ab5b-29e5383809e7,c505ea32-8470-4464-a5e4-de5afbdf0bdc,Customer 444,Facility,2025-06-12,Pending,N/A,N/A,11:00,90.00,100.9,Party Room,N/A,Party Room,Facility,customer444@example.com,001-456-6526
352bfd6a-7543-4d1a-9501-f67ef5d2fe40,42fb4836-4d7a-4f79-8ced-be3b7166ff02,Customer 823,Facility,2025-03-27,Pending,N/A,N/A,Unknown,0.00,110.5,Play Area,N/A,Play Area,Facility,customer823@example.com,001-938-5764
48965b2e-3508-4986-a12c-851a164e95dc,c41dbe3f-82ce-4795-9bbf-fd0c97203946,Customer 839,Facility,2025-06-07,Pending,N/A,N/A,Unknown,0.00,58.17,Party Room,N/A,Party Room,Facility,customer839@example.com,001-413-5696
a21a047c-588e-4ac3-9e47-d1a207f262a9,bda3d709-eade-4843-83b3-f9d95824e79f,Customer 841,Facility,2025-04-26,Pending,N/A,N/A,Unknown,0.00,221.16,Party Room,N/A,Party Room,Facility,Not Provided,001-909-4656
60f5bfe0-e2cd-416c-80f7-932e6751685b,451a2ac0-d8a0-45bc-b83a-569ae6066dbb,Customer 862,Facility,2025-05-27,Pending,N/A,N/A,Unknown,0.00,83.48,Play Area,N/A,Play Area,Birthday Party,customer862@example.com,001-940-6710
0bb96370-7778-4999-8f24-e7375701a32f,01cd5c20-c373-4670-a273-8a26061179a0,Customer 868,Facility,2025-06-21,Pending,N/A,N/A,Unknown,0.00,93.48,Party Room,N/A,Party Room,Facility,customer868@example.com,001-534-2615
dcadce18-c99a-467b-9c45-de19dcf1ee68,bb1e04e1-be64-40fd-afcb-325d0d42c50a,Customer 869,Facility,2025-06-11,Confirmed,N/A,N/A,Unknown,83.06,159.03,Play Area,N/A,Play Area,Facility,customer869@example.com,001-442-2126
7be908a7-9d88-4ee6-bdc6-f4cf781d59fe,244da455-3b07-4427-b9f1-7d8baea0e62c,Customer 820,Facility,2025-04-24,Confirmed,N/A,N/A,14:00,45.00,159.03,Play Area,N/A,Play Area,Facility,customer820@example.com,001-239-7834
38f38159-fbc2-42ff-b6bd-d5073a39ccc5,4de90623-900c-4e03-b36c-6ab20c05429f,Customer 867,Facility,2025-06-21,Confirmed,N/A,N/A,11:00,120.00,159.03,Party Room,N/A,Party Room,Class,customer867@example.com,Not Provided
66a8b28e-8855-4683-865e-97f7030e2e53,4983e4f6-1cf1-4e1a-af07-ae13c7475276,Customer 938,Facility,2025-06-04,Confirmed,N/A,N/A,12:00,45.00,148.16,Party Room,N/A,Party Room,Class,customer938@example.com,001-461-8655
2de4c77d-c63e-4b6b-a762-41a1aaaf8f85,69957dfe-5fb0-4361-9da2-aa799bb9c6c4,Customer 922,Facility,2025-05-26,Pending,N/A,N/A,10:00,120.00,16.28,Play Area,N/A,Play Area,Facility,customer922@example.com,001-478-7262
bc064f55-00ff-4221-a219-75884641e9d3,11ce4edf-868f-4b12-8085-5d19c631f29e,Customer 928,Facility,2025-06-02,Pending,N/A,N/A,15:00,120.00,92.62,Party Room,N/A,Party Room,Facility,customer928@example.com,001-174-5394
ad2cf0a5-e6d8-4202-b8b6-8d7f281d5236,191ddc7a-1e87-40fb-858b-70529f43de9a,Customer 435,Birthday Party,2025-05-31,Confirmed,N/A,N/A,09:00,45.00,292.93,Party Room,Sports,Party Room,Birthday Party,Not Provided,001-576-6831
13302830-f813-4cd3-b142-38deed4f2d5e,c0f0c012-5751-430d-be1a-90ddf4e3842b,Customer 438,Birthday Party,2025-06-16,Confirmed,N/A,N/A,14:00,120.00,124.19,Play Area,No Theme Selected,Play Area,Birthday Party,customer438@example.com,001-580-5217
49e41450-b641-47bb-9ff0-e5c546a67963,7f40ce78-5c96-4caf-867f-e6bba053215b,Customer 536,Facility,2025-06-12,Confirmed,N/A,N/A,15:00,120.00,258.04,Play Area,N/A,Play Area,Birthday Party,customer536@example.com,001-380-2268
8c437695-bd20-4e21-b9d8-3eaf573095bb,8b43de8d-b092-4f98-8fd7-a738624771f9,Customer 537,Facility,2025-06-02,Pending,N/A,N/A,10:00,90.00,265.74,Play Area,N/A,Play Area,Facility,customer537@example.com,001-309-5048
363d9ecc-fc07-42d7-a2f0-55e1fd638e7c,d0bc9bd5-5cbf-4fdb-ac32-32c58311555e,Customer 540,Facility,2025-04-29,Confirmed,N/A,N/A,16:00,90.00,26.88,Party Room,N/A,Party Room,Facility,customer540@example.com,001-185-7312
537a94dd-8735-4b97-ac1a-bcde10fe129e,8599e70b-a5da-4c55-aca0-fd0121685ffc,Customer 930,Facility,2025-05-24,Pending,N/A,N/A,14:00,90.00,139.44,Party Room,N/A,Party Room,Facility,customer930@example.com,001-981-3935
7eccf59e-bdc3-43a1-92ba-c2da99aaefba,c1a0fba7-1435-4ee2-b3e7-4a93c28ad245,Customer 934,Facility,2025-04-17,Pending,N/A,N/A,10:00,120.00,22.83,Party Room,N/A,Party Room,Class,customer934@example.com,001-411-4730
54b10571-8d41-422e-a956-a16b4112d7af,cc0e080f-f55f-473e-8f4b-de8f77b1fc7a,Customer 234,Class,2025-04-23,Confirmed,Gymnastics,James Howard,13:00,90.00,32.15,N/A,N/A,Gymnastics,Facility,customer234@example.com,001-805-6632
93a073c8-87bf-4338-91d4-4f54c133f787,abec6845-93b6-4a30-946b-503b630b49aa,Customer 106,Birthday Party,2025-05-14,Confirmed,N/A,N/A,Unknown,83.06,159.03,Party Room,Princess,Party Room,Birthday Party,customer106@example.com,001-391-9822
d7a1d970-82eb-43f7-847e-16809e08d701,919c471b-4d9d-49a3-9cb8-000252109501,Customer 492,Birthday Party,2025-05-05,Confirmed,N/A,N/A,Unknown,83.06,159.03,Party Room,Superhero,Party Room,Birthday Party,customer492@example.com,001-793-8164
285d81be-2408-47c0-a997-25b83985954a,8c4602b2-d1b4-4937-9b0a-87e963720de1,Customer 166,Birthday Party,2025-04-04,Pending,N/A,N/A,13:00,90.00,56.25,Play Area,Sports,Play Area,Birthday Party,customer166@example.com,001-476-9255
98969868-6a67-4b13-bf19-ab527b99c9e1,4754be74-f13a-4296-8664-ccffe45e6e7f,Customer 182,Birthday Party,2025-05-29,Confirmed,N/A,N/A,Unknown,83.06,113.24,Party Room,Princess,Party Room,Birthday Party,customer182@example.com,001-755-2372
e2828b3b-464d-4efc-a4b3-6100024909af,7c7520fa-e65e-45a0-86ef-5de5526d070e,Customer 213,Birthday Party,2025-05-18,Confirmed,N/A,N/A,Unknown,83.06,50.34,Party Room,Princess,Party Room,Birthday Party,Not Provided,001-316-2913
c186151b-2b7e-4829-b2eb-e3804dc6a542,deb6510e-c621-4d79-92c6-e5ae0ee899f0,Customer 225,Birthday Party,2025-06-01,Confirmed,N/A,N/A,Unknown,83.06,205.4,Play Area,Princess,Play Area,Birthday Party,customer225@example.com,001-301-5253
7e3e11f7-800c-4059-baa2-e1c803aa3781,7e7cdcc5-d957-4251-b69c-7ea8ecc6bc05,Customer 242,Facility,2025-03-31,Confirmed,N/A,N/A,Unknown,83.06,159.03,Party Room,N/A,Party Room,Facility,customer242@example.com,001-398-7926
351f711a-76a4-4b95-bd14-964c335b9e84,40415f40-f6a1-4329-8af5-786a370d214a,Customer 231,Facility,2025-04-19,Confirmed,N/A,N/A,Unknown,83.06,40.06,Play Area,N/A,Play Area,Class,customer231@example.com,001-247-3537
dba692c5-0bdd-4c8b-955e-ac4f563876dc,8f1a50d7-d2b6-4ba8-bec2-2aed7d0b3ffa,Customer 266,Facility,2025-06-18,Confirmed,N/A,N/A,Unknown,83.06,227.12,Party Room,N/A,Party Room,Facility,customer266@example.com,001-403-5040
6946fd92-ef95-477e-8dbd-924266580077,28b90a67-783d-4fd7-a12f-c27b81346a48,Customer 455,Facility,2025-05-24,Confirmed,N/A,N/A,13:00,90.00,24.75,Party Room,N/A,Party Room,Facility,customer455@example.com,001-773-3864
65b83e17-d2f8-4f40-910b-8e1707f1849a,c232d19e-091e-4fe0-9fb6-0afd67c70f28,Customer 456,Facility,2025-05-15,Confirmed,N/A,N/A,14:00,45.00,70.74,Party Room,N/A,Party Room,Class,customer456@example.com,001-650-7793
b7ed9f46-3e6c-485f-8f99-4d0974502c30,e27ae043-5bc0-4b0d-8180-f64932311333,Customer 460,Facility,2025-06-22,Confirmed,N/A,N/A,12:00,90.00,110.21,Play Area,N/A,Play Area,Facility,customer460@example.com,001-271-7501
534e731c-d5b1-4b11-8d3c-af1780514938,5275aaf6-b514-494c-904d-709ac7c72f5b,Customer 463,Facility,2025-03-28,Pending,N/A,N/A,11:00,90.00,101.01,Party Room,N/A,Party Room,Class,customer463@example.com,Not Provided
e92badd4-1008-4783-9530-ed872d0a71cd,18a2955a-d6b6-4010-9e92-638c0dbc1784,Customer 465,Facility,2025-05-17,Confirmed,N/A,N/A,12:00,45.00,138.36,Play Area,N/A,Play Area,Birthday Party,customer465@example.com,001-921-6216
aec5dbc4-24c6-450e-a3d3-bfd02697c535,46fde61a-5ab5-4072-b902-64acbdcd53a6,Customer 470,Facility,2025-05-25,Pending,N/A,N/A,13:00,90.00,118.47,Party Room,N/A,Party Room,Facility,Not Provided,001-795-7855
67210846-a86b-418f-a978-d8909bb91f7d,87e183c9-08f7-453f-837b-148b84b7e665,Customer 600,Facility,2025-06-04,Confirmed,N/A,N/A,15:00,90.00,190.18,Play Area,N/A,Play Area,Facility,customer600@example.com,001-841-3038
f460cba5-46ed-4cb8-a227-bc3087b77095,a3b1f51e-eb9d-490f-a832-20d01e12e86a,Customer 606,Facility,2025-05-12,Confirmed,N/A,N/A,11:00,45.00,166.7,Play Area,N/A,Play Area,Facility,customer606@example.com,001-884-7408
b2a68265-d8bd-4363-b678-aac9a433351c,80bf8371-ebd4-4208-8ea4-768bf83ce369,Customer 607,Facility,2025-05-17,Confirmed,N/A,N/A,10:00,45.00,114.71,Party Room,N/A,Party Room,Facility,customer607@example.com,001-110-2488
e29f0e59-1e90-434a-b5a9-fa3bed405ac9,d73ccbba-454e-42b9-917a-2c0d0b0e6efe,Customer 610,Facility,2025-04-16,Pending,N/A,N/A,14:00,45.00,0,Play Area,N/A,Play Area,Facility,customer610@example.com,001-369-2100
8b2c75eb-6857-4983-8722-3e8a14bde53c,f8c478cb-13ee-4073-bde3-4ecdc68acab6,Customer 619,Facility,2025-04-19,Pending,N/A,N/A,16:00,120.00,182.36,Party Room,N/A,Party Room,Facility,customer619@example.com,001-450-9893
84d3f27b-7a51-44c8-8002-0e5d2be7b833,0992cf5f-8583-4220-8da7-1762d0f9af9c,Customer 620,Facility,2025-05-13,Pending,N/A,N/A,14:00,120.00,137.36,Play Area,N/A,Play Area,Facility,customer620@example.com,001-685-4911
e0e91d21-783e-47e8-855a-9e560ecf42cc,b1ca41c7-24c9-4e2e-a633-e6ad85e347db,Customer 621,Facility,2025-04-04,Pending,N/A,N/A,09:00,120.00,296.21,Play Area,N/A,Play Area,Birthday Party,customer621@example.com,001-265-7507
15104fe5-4348-4126-85e9-2fee1a636599,1179f475-dd0e-43bc-9881-313e56e20912,Customer 623,Facility,2025-03-25,Pending,N/A,N/A,12:00,45.00,262.94,Party Room,N/A,Party Room,Facility,customer623@example.com,001-515-3584
090ba787-bcd9-4b14-bdae-81aec5736e3b,d4568770-adc7-46d4-981a-41f7061bea0b,Customer 624,Facility,2025-03-25,Confirmed,N/A,N/A,16:00,45.00,92.28,Play Area,N/A,Play Area,Facility,customer624@example.com,001-263-2010
c8996412-77de-4466-9a7d-55c417b4bf37,ef80d6ac-d368-4d17-9a60-c7cf390f57d4,Customer 627,Facility,2025-04-12,Confirmed,N/A,N/A,17:00,120.00,24.06,Party Room,N/A,Party Room,Facility,customer627@example.com,001-375-3563
962cafcc-4d69-4085-b8f9-3c35dcf6a1bc,b43ced3e-bfa0-43fe-af8b-3aa270b5615f,Customer 631,Facility,2025-05-12,Pending,N/A,N/A,15:00,45.00,94.39,Party Room,N/A,Party Room,Facility,customer631@example.com,001-225-8446
510a15a1-7c7c-4e61-a87b-85f19528376c,8ef36a52-5be3-4316-b61c-74c60a138d46,Customer 632,Facility,2025-04-19,Confirmed,N/A,N/A,17:00,90.00,189.31,Party Room,N/A,Party Room,Facility,customer632@example.com,001-298-6157
8a2a4149-bab7-4947-a9b7-e1003f6b0f3c,3c2a901a-7995-44f1-b2e3-3309a7a48e5a,Customer 471,Facility,2025-04-02,Confirmed,N/A,N/A,15:00,45.00,126.31,Play Area,N/A,Play Area,Facility,customer471@example.com,001-714-1548
2576b730-3616-450c-ac8a-7929be26ccf5,eaa76c1b-7c52-449a-9b53-511e61d639b5,Customer 876,Class,2025-06-08,Pending,Gymnastics,Unknown Instructor,Unknown,0.00,63.14,N/A,N/A,Gymnastics,Birthday Party,customer876@example.com,001-234-3420
d7fafe03-3f59-4c3e-9f30-c2362e565484,09490614-33f4-4f61-b7fe-ed7b844487b7,Customer 874,Class,2025-06-16,Confirmed,Gymnastics,James Howard,09:00,45.00,159.03,N/A,N/A,Gymnastics,Class,customer874@example.com,001-793-6954
acef121d-e660-4bae-ab95-ca3a686cb60b,d623b98a-e3df-45a0-b57f-6683590eaee4,Customer 662,Birthday Party,2025-05-15,Confirmed,N/A,N/A,09:00,90.00,250.93,Party Room,Princess,Party Room,Birthday Party,customer662@example.com,Not Provided
a2350552-50c4-4555-99ce-b5456252d8f3,097d19e4-31e3-49ae-91d9-72380942eb4f,Customer 665,Birthday Party,2025-05-13,Pending,N/A,N/A,11:00,45.00,284.27,Play Area,Princess,Play Area,Birthday Party,customer665@example.com,001-384-8409
84b97c49-bc5b-4409-9785-6d8705a1e71c,d912878c-5b0b-41a2-a90b-948027a832c1,Customer 667,Birthday Party,2025-04-28,Confirmed,N/A,N/A,09:00,45.00,227.14,Party Room,No Theme Selected,Party Room,Birthday Party,customer667@example.com,001-697-7973
3422f084-79ae-435b-9277-5a0d3dffc3e8,344a099c-6f7d-4911-95d4-922ffa6d3797,Customer 279,Birthday Party,2025-06-01,Confirmed,N/A,N/A,Unknown,83.06,151.81,Party Room,Princess,Party Room,Birthday Party,customer279@example.com,001-758-2113
9eb548f5-3f03-4f9c-93a8-b1d5e027e40a,1067d6d1-3348-4141-86ac-7b434f4d5919,Customer 472,Facility,2025-05-15,Confirmed,N/A,N/A,13:00,120.00,201.67,Play Area,N/A,Play Area,Class,customer472@example.com,001-868-7618
d350470f-d5f2-4ecd-aee5-78345430bb33,5b4b2865-eeea-49af-8ca1-94e80cbe5d8b,Customer 664,Birthday Party,2025-04-13,Confirmed,N/A,N/A,Unknown,83.06,117.46,Party Room,Superhero,Party Room,Birthday Party,customer664@example.com,001-940-2993
df1b82af-14f5-4399-b423-ca5f859f5571,f08fd057-f3cd-478a-814b-18e895a12587,Customer 657,Facility,2025-06-14,Confirmed,N/A,N/A,Unknown,83.06,116.12,Party Room,N/A,Party Room,Birthday Party,customer657@example.com,001-426-2779
df945f17-206d-4af7-9a97-592f4256a223,a6aec83b-56df-460c-8624-6531d90feb08,Customer 176,Class,2025-05-19,Confirmed,Art,Lisa Hensley,17:00,90.00,149.01,N/A,N/A,Art,Class,Not Provided,001-912-3909
cf33bd12-dfec-48ed-9a83-a04a0c0a7138,6525e5e5-e0a1-4498-a3b7-89ef43dc37fd,Customer 235,Class,2025-06-14,Confirmed,Art,Unknown Instructor,Unknown,83.06,117.69,N/A,N/A,Art,Class,customer235@example.com,001-483-8723
39e6d0ce-2304-467e-acfa-70b4ab6b774b,472211df-e514-4775-91a6-e2a81b607857,Customer 253,Class,2025-06-18,Confirmed,Gymnastics,Lisa Hensley,Unknown,83.06,222.77,N/A,N/A,Gymnastics,Facility,customer253@example.com,001-213-3771
77298a57-523a-4ba3-b164-e110ecace72a,9e769fd1-f648-41af-96a1-dce58d2e225d,Customer 252,Class,2025-05-20,Confirmed,Gymnastics,Amanda Davis,11:00,90.00,159.03,N/A,N/A,Gymnastics,Class,customer252@example.com,001-591-7191
3c136d82-e2b1-4888-9360-3ce3d45c6180,a5be2cd7-02f1-4c4a-818c-3b25bebaa79e,Customer 145,Class,2025-04-30,Confirmed,Gymnastics,James Howard,09:00,45.00,110.77,N/A,N/A,Gymnastics,Facility,customer145@example.com,001-147-3457
94fdf886-484b-43ae-88b1-a65d2bec6862,b836114d-b386-4108-b088-2c5325979831,Customer 156,Class,2025-04-10,Confirmed,Art,Unknown Instructor,12:00,45.00,296.6,N/A,N/A,Art,Class,customer156@example.com,001-244-9656
01dec093-84f6-4d3c-9e82-4ef2f70a1778,ca80281d-b813-4e61-8395-4a3a51ad553b,Customer 180,Class,2025-05-18,Pending,Dance,Lisa Hensley,11:00,120.00,0,N/A,N/A,Dance,Facility,customer180@example.com,001-446-9401
a4a455fb-2156-40d2-95f0-fd0ea6c1bc94,5b852626-69f6-406e-9c1e-fd8f2ff9e606,Customer 188,Class,2025-05-08,Confirmed,Art,Amanda Davis,14:00,45.00,183.34,N/A,N/A,Art,Class,customer188@example.com,001-546-1290
aa2a4522-820d-43d3-aac0-0a391b552c70,061e3612-3ad5-4196-9d62-767edc5a568b,Customer 190,Class,2025-04-03,Confirmed,Dance,Amanda Davis,09:00,90.00,170.86,N/A,N/A,Dance,Class,customer190@example.com,001-533-4755
08a32f8e-4ed4-4201-ae62-7f1d77024582,235617b9-a5a9-43b9-8449-76b88b71fe01,Customer 193,Class,2025-05-05,Confirmed,Art,Unknown Instructor,13:00,45.00,249.36,N/A,N/A,Art,Class,customer193@example.com,001-312-1512
1a269ffe-bc25-4569-aa80-88fe24e5a51f,fe1f071c-2978-4bb5-8ed9-27fec0e6a1c2,Customer 196,Class,2025-04-03,Pending,Dance,James Howard,14:00,45.00,122.4,N/A,N/A,Dance,Facility,customer196@example.com,Not Provided
d5ff8584-d8d5-44ad-90ed-01a446284b0d,c0f6813c-283e-404d-af87-7a64d63df91e,Customer 215,Class,2025-03-28,Confirmed,Art,Amanda Davis,09:00,90.00,225.49,N/A,N/A,Art,Class,customer215@example.com,001-531-1289
72f3d59e-79d8-41f5-9a15-a62dd1dff0f4,50a06c25-ca71-4027-a8de-017765879a86,Customer 219,Class,2025-05-03,Pending,Gymnastics,Amanda Davis,11:00,90.00,276.31,N/A,N/A,Gymnastics,Class,Not Provided,Not Provided
5b52f8d1-e865-4806-9634-8a41346be642,b63521e8-92ad-4ab9-9dd7-13906ab6d548,Customer 220,Class,2025-05-16,Confirmed,Art,James Howard,09:00,90.00,215.74,N/A,N/A,Art,Class,customer220@example.com,001-975-8980
56495fb5-9c1a-418d-913b-bfdfc141e9ab,8d035a92-5d3d-4b26-8509-deee8a063211,Customer 228,Class,2025-06-10,Pending,Dance,Amanda Davis,14:00,90.00,150.25,N/A,N/A,Dance,Class,customer228@example.com,001-899-5660
24ce12e5-ed2b-4656-81e9-ef051159b12e,ea45734e-a604-4270-b3d3-185d4d171bcc,Customer 583,Class,2025-06-01,Confirmed,Art,Amanda Davis,14:00,120.00,170.43,N/A,N/A,Art,Class,customer583@example.com,001-587-8403
d144dc95-b46d-4dcf-9e56-3a7b9ccf3a66,f62d7349-da64-46d4-99f8-8b761ce1c351,Customer 743,Class,2025-04-10,Confirmed,Dance,Lisa Hensley,10:00,120.00,181.61,N/A,N/A,Dance,Class,customer743@example.com,001-794-2927
500d11c6-8c79-4a53-b79c-0a02075db65b,1ac73f06-bcfd-44d3-a0d9-e90511244818,Customer 745,Class,2025-06-13,Confirmed,Gymnastics,Amanda Davis,14:00,120.00,249.27,N/A,N/A,Gymnastics,Class,customer745@example.com,001-462-5479
4dfe9c4d-da02-4d1f-b46f-b7553acf227a,f32b4520-97e5-4019-a5ab-2b8b45f5c5d5,Customer 749,Class,2025-04-01,Confirmed,Gymnastics,James Howard,09:00,45.00,99.43,N/A,N/A,Gymnastics,Class,Not Provided,001-930-3766
aa95531f-0d31-4b88-81aa-8721f66fd731,d0a7817e-266d-4123-8ee5-7c3a3b2f3a1c,Customer 751,Class,2025-06-09,Confirmed,Art,Lisa Hensley,15:00,90.00,230.93,N/A,N/A,Art,Class,customer751@example.com,001-713-6255
5e1b33df-e75b-40ab-be79-5dd8a29cdc82,1d8627dc-e762-4673-8b5c-c9377203ae1d,Customer 903,Class,2025-04-01,Confirmed,Gymnastics,James Howard,11:00,45.00,276.01,N/A,N/A,Gymnastics,Class,Not Provided,001-303-1128
6f0485bf-99ad-495f-a9c8-be317adf5f3e,b493bf7c-c401-4922-9a64-d210755ae1d9,Customer 910,Class,2025-04-19,Confirmed,Gymnastics,Lisa Hensley,16:00,120.00,289.38,N/A,N/A,Gymnastics,Facility,customer910@example.com,001-423-4968
500b645c-8f64-4852-aef4-dff1f1aff168,bdbeb393-d8c5-467a-975a-2053b4dbb62b,Customer 916,Class,2025-06-07,Confirmed,Gymnastics,Lisa Hensley,13:00,45.00,104.74,N/A,N/A,Gymnastics,Facility,Not Provided,001-562-3594
ea91be98-f52a-4eae-8591-7513a44f4bdb,7a744a46-0c95-44ab-9e78-f929b6affdfa,Customer 354,Facility,2025-03-25,Confirmed,N/A,N/A,12:00,90.00,159.03,Play Area,N/A,Play Area,Class,customer354@example.com,001-432-5848
9ec977a8-4c1e-4407-ab9f-ba1a92ee6bd7,c5069ada-49d1-4531-ab13-a5926f52ff92,Customer 692,Facility,2025-06-11,Confirmed,N/A,N/A,10:00,90.00,159.03,Play Area,N/A,Play Area,Facility,Not Provided,001-382-7388
5328b2aa-972c-4d79-ad8d-680d6f14bf10,ee98e7c7-b51d-4313-aaea-fe4fc102ea1d,Customer 379,Facility,2025-05-31,Pending,N/A,N/A,13:00,90.00,104.97,Play Area,N/A,Play Area,Facility,customer379@example.com,001-917-4716
5be650e1-e9d9-4fbf-a7bf-38e7f72a6cb5,d3c91798-90fa-4a74-80aa-c524eecea8ef,Customer 932,Class,2025-05-20,Confirmed,Gymnastics,Lisa Hensley,Unknown,83.06,195.08,N/A,N/A,Gymnastics,Class,customer932@example.com,001-984-9174
209c2fcf-4f5b-4575-9268-930e6eff884d,cd258e19-b490-4ebe-996d-156120182578,Customer 958,Class,2025-04-19,Confirmed,Dance,James Howard,Unknown,83.06,159.03,N/A,N/A,Dance,Facility,customer958@example.com,001-374-3993
f2b0d7ca-1b63-42f4-ba5f-c2360245299e,2882f246-f6e3-46bc-b7e4-066a0c29f3a7,Customer 966,Class,2025-05-01,Confirmed,Dance,James Howard,Unknown,83.06,159.03,N/A,N/A,Dance,Class,customer966@example.com,001-685-5692
e1b2f979-b05f-4b9d-910d-7e58901f50d2,a0bc5802-545b-4248-a3fc-0312018dfc1b,Customer 277,Birthday Party,2025-04-27,Confirmed,N/A,N/A,Unknown,83.06,30.49,Play Area,No Theme Selected,Play Area,Birthday Party,customer277@example.com,001-134-3738
51e641d7-b9e8-4bbe-bb4c-31ee1890141e,c09799ac-517b-40b5-a5ae-20395b8ce9e7,Customer 992,Class,2025-05-21,Confirmed,Dance,James Howard,Unknown,83.06,236.52,N/A,N/A,Dance,Class,customer992@example.com,001-250-4971
82eab2f1-fdea-4672-a700-8511e27af514,4d470f18-9e8a-486e-852d-ff8bb2c0e123,Customer 546,Facility,2025-04-02,Pending,N/A,N/A,13:00,45.00,108.42,Party Room,N/A,Party Room,Facility,Not Provided,001-904-3731
4820a601-9e80-46f2-897b-0bcf91016e50,1078c649-d374-41dc-b179-892d1d6f9e26,Customer 270,Facility,2025-05-28,Confirmed,N/A,N/A,Unknown,83.06,262.73,Party Room,N/A,Party Room,Facility,customer270@example.com,001-932-9993
b2804f12-bb12-43e4-9cff-02076d101a67,a6a2c323-27d1-4657-a579-bd1a3a8c97a4,Customer 469,Facility,2025-03-26,Confirmed,N/A,N/A,Unknown,83.06,142.51,Play Area,N/A,Play Area,Facility,customer469@example.com,001-249-6744
14b70a68-ac3c-4a2b-beb0-9c83699c41f3,f419040a-7f7c-4ff7-abbb-8f535cb93c36,Customer 549,Facility,2025-06-14,Confirmed,N/A,N/A,13:00,120.00,206.43,Play Area,N/A,Play Area,Class,customer549@example.com,001-155-3603
985a7d47-7565-4013-822e-90c09dd09036,6f0f8839-6edf-4287-bb08-fffb4546f6e2,Customer 164,Facility,2025-05-31,Pending,N/A,N/A,Unknown,0.00,235.17,Play Area,N/A,Play Area,Facility,customer164@example.com,001-344-1374
3c305cbe-b842-41e4-8bce-49a5c50cf417,77b592fc-4d07-4151-a10c-74173c90b0b2,Customer 346,Facility,2025-04-27,Pending,N/A,N/A,Unknown,0.00,0,Play Area,N/A,Play Area,Facility,customer346@example.com,Not Provided
a519b572-052f-4d18-a7b1-8a0ddca89fd9,fbb7fe1f-dad8-43b8-8edb-4a744ee0213c,Customer 334,Facility,2025-05-28,Pending,N/A,N/A,Unknown,0.00,164.35,Play Area,N/A,Play Area,Facility,customer334@example.com,001-285-6490
80bfc2d0-01f5-4d8c-9915-22aff1b97b8c,26d4e3a8-9474-4458-b667-bb9d29094067,Customer 634,Facility,2025-06-10,Pending,N/A,N/A,Unknown,0.00,105.06,Play Area,N/A,Play Area,Facility,customer634@example.com,Not Provided
672c3f7f-a4e5-470b-924a-1fbe68c19454,65182a46-cef5-45ea-b01e-a649f54eac64,Customer 350,Facility,2025-05-25,Pending,N/A,N/A,Unknown,0.00,178.63,Party Room,N/A,Party Room,Facility,customer350@example.com,001-743-5375
3eeb1753-4e7d-4ae0-83f8-0e9fd0ce49d8,c9c720c0-a508-4f61-a2ac-45037b9b1163,Customer 360,Facility,2025-05-22,Pending,N/A,N/A,Unknown,0.00,127.87,Party Room,N/A,Party Room,Facility,customer360@example.com,001-655-3448
247daded-bd33-46b3-9dd3-7b1fbee7308a,2e657899-d0c5-4f9f-ae4d-ba4824015eed,Customer 552,Facility,2025-05-07,Pending,N/A,N/A,14:00,90.00,223.95,Play Area,N/A,Play Area,Facility,customer552@example.com,001-119-7892
ad1ee16a-134a-4370-a15a-d9eb0e0b0d7f,c606e442-d4ac-45e1-98ad-1c3ffb6a47d5,Customer 559,Facility,2025-05-12,Pending,N/A,N/A,11:00,45.00,0,Party Room,N/A,Party Room,Facility,Not Provided,001-270-1300
876d12e4-f41b-468a-92de-d8291b0119c5,eb298e53-02bc-448c-8de7-0815afbd880a,Customer 563,Facility,2025-04-25,Pending,N/A,N/A,14:00,120.00,100.81,Party Room,N/A,Party Room,Class,customer563@example.com,001-260-5659
1c34a7b0-43dc-47ba-a096-f1f78b4edc56,90e9ba56-4953-4a23-8e33-836611147ff0,Customer 678,Facility,2025-05-08,Confirmed,N/A,N/A,10:00,90.00,216.06,Play Area,N/A,Play Area,Facility,customer678@example.com,001-967-2817
ef52107e-3f45-4acb-b3d8-1c50a6cb6f5d,ab1adde8-282e-4a05-b300-de2cbd74b5b4,Customer 680,Facility,2025-03-27,Pending,N/A,N/A,10:00,120.00,273.38,Play Area,N/A,Play Area,Facility,customer680@example.com,001-530-5492
926202c5-b7c8-4f8f-a37b-73c19089ddc0,2facaa09-eaae-4a7c-805f-2192aba29c15,Customer 683,Facility,2025-06-14,Pending,N/A,N/A,13:00,90.00,237.49,Play Area,N/A,Play Area,Facility,customer683@example.com,Not Provided
637c3dd0-fdee-48fc-bba8-7ea2f603a3eb,ce8662ae-dd8e-44cc-9b53-bcf9c8c09cb7,Customer 737,Facility,2025-04-19,Pending,N/A,N/A,11:00,90.00,272.54,Party Room,N/A,Party Room,Facility,customer737@example.com,001-118-3461
ff471ffc-e154-4fcf-9ba4-a75072bbd64d,5ee632be-18aa-4de2-afe7-d46393bd447e,Customer 752,Facility,2025-05-26,Confirmed,N/A,N/A,15:00,120.00,171.64,Play Area,N/A,Play Area,Facility,customer752@example.com,001-854-8725
1e56c423-efa8-4978-8306-581235dc2468,7f0819cc-98ba-4c1f-a23d-2b93a07dab3f,Customer 656,Birthday Party,2025-04-07,Pending,N/A,N/A,Unknown,0.00,0,Party Room,Sports,Party Room,Facility,Not Provided,Not Provided
cb44f65e-2305-497b-add7-0edbbb5aa6a5,af62df13-f5fb-44b2-8317-0881cd6ed8e0,Customer 834,Facility,2025-05-07,Confirmed,N/A,N/A,17:00,120.00,239.23,Party Room,N/A,Party Room,Facility,customer834@example.com,001-628-2447
dc1c7e1a-065e-4dd3-a8be-eb69babce44f,2d3872d1-5286-4525-9219-e9080ff7f564,Customer 837,Facility,2025-03-30,Pending,N/A,N/A,17:00,45.00,218.28,Play Area,N/A,Play Area,Class,customer837@example.com,001-340-8615
0570142b-1771-492e-8592-fd17bb5c2e74,9e98e42f-7954-4978-9c2b-7e64628debbc,Customer 847,Facility,2025-04-19,Confirmed,N/A,N/A,11:00,90.00,256.29,Party Room,N/A,Party Room,Facility,customer847@example.com,001-858-5144
97359b75-700b-4810-8135-848da83d5641,8ae3bbf9-441d-4967-b004-95dfdfada5c9,Customer 849,Facility,2025-06-04,Pending,N/A,N/A,15:00,45.00,168.73,Play Area,N/A,Play Area,Facility,customer849@example.com,001-216-1962
c34016f8-4a55-4b01-b3d0-90799d6f1fbb,90c40046-fa6c-4b7b-9d68-301e17a7faad,Customer 18,Facility,2025-04-25,Confirmed,N/A,N/A,09:00,120.00,159.03,Party Room,N/A,Party Room,Facility,customer18@example.com,001-586-2644
614b8a03-ec7c-45bf-8d7c-4fb1890b5998,882fde5e-f968-4e9f-8578-04a2bea4c955,Customer 34,Facility,2025-06-15,Pending,N/A,N/A,13:00,45.00,215.14,Party Room,N/A,Party Room,Facility,customer34@example.com,001-433-5548
be79c741-f4a8-4ff9-ad86-24c4ed5ccf9f,17da2c37-aa3d-446f-998e-5e189e7f5328,Customer 38,Facility,2025-04-27,Pending,N/A,N/A,16:00,90.00,49.57,Party Room,N/A,Party Room,Facility,customer38@example.com,001-212-9920
ea87a7da-1a3d-4c13-841d-930b6f4b4836,512e4974-9244-4deb-b1d2-ba82dc19b120,Customer 39,Facility,2025-03-28,Pending,N/A,N/A,10:00,45.00,174.04,Play Area,N/A,Play Area,Facility,customer39@example.com,001-230-1959
faf970c8-b0f4-40d4-9a8d-6d73abd5240c,258e2aa6-253e-4b5f-a1b4-1922550881e0,Customer 41,Facility,2025-03-25,Pending,N/A,N/A,09:00,120.00,43.11,Play Area,N/A,Play Area,Facility,customer41@example.com,001-741-9047
e450479a-4df2-40fe-8cc5-ff186ed7ea71,c25f35f5-af5a-49f3-a925-5e431383be7a,Customer 389,Facility,2025-04-23,Confirmed,N/A,N/A,15:00,45.00,194.58,Play Area,N/A,Play Area,Facility,customer389@example.com,001-428-6598
607fc7f1-e93f-4ca8-b66b-0d1bb3d1fc10,8aefc7a2-03f1-42b1-8e7f-ebc53d23494b,Customer 393,Facility,2025-04-06,Pending,N/A,N/A,15:00,90.00,209.03,Party Room,N/A,Party Room,Class,customer393@example.com,001-786-1580
59c3a5cb-b9c8-4516-8a95-6e6bd8171994,01cccf0b-89c2-4141-909d-365182c609a0,Customer 690,Facility,2025-04-25,Pending,N/A,N/A,Unknown,0.00,89.59,Party Room,N/A,Party Room,Class,customer690@example.com,001-691-9106
8ee2f03d-6b23-48db-8c82-90d8032fd6ad,74a35ecd-9177-4ae0-ae51-c63352c877db,Customer 647,Facility,2025-06-10,Confirmed,N/A,N/A,Unknown,83.06,159.03,Play Area,N/A,Play Area,Birthday Party,customer647@example.com,001-385-4254
a7954954-b924-43db-870a-deebd873f85f,01137f48-cadc-4c3a-92f0-efe825b3c7de,Customer 651,Facility,2025-04-25,Confirmed,N/A,N/A,Unknown,83.06,159.03,Play Area,N/A,Play Area,Facility,customer651@example.com,001-522-8884
b00971d6-5380-4d9b-8b56-1665ecb52b7a,69a70def-c284-4452-b631-7719b2488b5d,Customer 654,Facility,2025-06-15,Confirmed,N/A,N/A,11:00,90.00,159.03,Party Room,N/A,Party Room,Facility,customer654@example.com,001-220-5796
ec4736bd-600c-40a7-baba-16e1d016b519,970f4b96-90af-45d0-9b7a-007b73d23255,Customer 671,Facility,2025-03-27,Confirmed,N/A,N/A,13:00,90.00,94.18,Play Area,N/A,Play Area,Facility,customer671@example.com,001-671-4162
92e96ef0-b63d-4878-8641-d91f89c9fe88,1c2d5bfc-bbb1-4c2c-a4df-99fbfc4fe869,Customer 674,Facility,2025-06-12,Confirmed,N/A,N/A,13:00,90.00,227.56,Party Room,N/A,Party Room,Facility,Not Provided,001-811-8943
891e323f-7ef0-493e-8fa3-55cc563f77c3,d7b2301d-5baf-48c8-b178-9ce947f46d4f,Customer 677,Facility,2025-04-05,Pending,N/A,N/A,15:00,120.00,66.21,Party Room,N/A,Party Room,Birthday Party,Not Provided,001-326-5532
0fbc6b89-0e39-4a11-a223-4e25fc6bb173,3b994682-4748-4c05-944d-19e62bcace36,Customer 478,Facility,2025-06-16,Confirmed,N/A,N/A,12:00,45.00,248.03,Play Area,N/A,Play Area,Birthday Party,customer478@example.com,001-683-1015
c1458b33-ce84-4da9-8f33-be0bb271af25,899f803b-6eb0-4233-886d-db9150534500,Customer 448,Facility,2025-05-25,Confirmed,N/A,N/A,13:00,45.00,159.03,Play Area,N/A,Play Area,Facility,customer448@example.com,001-223-7204
63c3812b-2e43-4a09-9c6b-63c37ec9ef33,c0a963ce-9202-43f0-9c42-f4fc42fa70bf,Customer 484,Facility,2025-04-07,Pending,N/A,N/A,11:00,90.00,114.38,Play Area,N/A,Play Area,Facility,customer484@example.com,001-252-2057
7c0f6322-2975-4a42-aa91-4d5e0da0d22b,03b3f671-a205-4aef-9e28-374a45052218,Customer 485,Facility,2025-03-26,Pending,N/A,N/A,10:00,45.00,38.21,Play Area,N/A,Play Area,Facility,customer485@example.com,Not Provided
843854ee-b071-4d7a-ab6f-feaffdc2825a,5d82b202-5514-4156-9e2a-81be1562de76,Customer 495,Facility,2025-04-12,Confirmed,N/A,N/A,10:00,120.00,280.59,Play Area,N/A,Play Area,Facility,customer495@example.com,001-578-9041
df2a1383-0653-4764-8753-92cdcac401a8,39aaadd9-5f45-4b41-a47c-eaf36f23d5c6,Customer 763,Facility,2025-05-25,Pending,N/A,N/A,Unknown,0.00,251.44,Party Room,N/A,Party Room,Facility,customer763@example.com,001-898-4284
5a7d29b1-f3cb-4774-bd8d-cbc6d23bd91b,b9735ecf-39d8-4795-874b-099a39726c24,Customer 807,Facility,2025-03-30,Pending,N/A,N/A,Unknown,0.00,83.37,Play Area,N/A,Play Area,Facility,customer807@example.com,001-540-9936
69eff106-8f3e-4c47-b40b-bfae3c207f58,3fb8a76a-06f5-4ae5-a78d-1d473fb0768f,Customer 817,Facility,2025-04-14,Pending,N/A,N/A,Unknown,0.00,19.13,Play Area,N/A,Play Area,Facility,customer817@example.com,Not Provided
9d5f8923-4c7c-49da-b4b1-7db92f6f8de8,187e47a6-2d26-4fd7-8360-029cf6b02367,Customer 815,Facility,2025-03-26,Confirmed,N/A,N/A,Unknown,83.06,159.03,Play Area,N/A,Play Area,Facility,customer815@example.com,001-565-4428
8d120742-36ba-4616-8545-2586e78f5c29,b4892ee7-44f4-447f-b472-d1af05dba1f6,Customer 756,Facility,2025-06-21,Pending,N/A,N/A,17:00,120.00,56.57,Play Area,N/A,Play Area,Birthday Party,customer756@example.com,001-275-3718
23efcd81-0d1a-42f7-a768-677a74bc8840,a3762001-1ae8-41de-b68b-9749466ca44e,Customer 760,Facility,2025-05-26,Confirmed,N/A,N/A,13:00,45.00,91.59,Play Area,N/A,Play Area,Facility,customer760@example.com,001-789-3369
8c891340-c625-4f4c-b438-2caf0674125a,05cf6e81-6d04-42b3-9bc5-47a99aa4e24f,Customer 761,Facility,2025-03-30,Confirmed,N/A,N/A,14:00,45.00,231.81,Play Area,N/A,Play Area,Class,customer761@example.com,001-177-1326
76948f23-b4a0-4906-8cf2-45e248cf0c4f,c37677f2-e9d5-46d0-8151-8e925760c2fb,Customer 762,Facility,2025-04-02,Pending,N/A,N/A,15:00,120.00,206.15,Party Room,N/A,Party Room,Facility,customer762@example.com,001-580-6480
ca091379-4150-4541-8ca9-62cc55acc874,124fef81-8b8b-442f-b832-a37ff244dfe6,Customer 764,Facility,2025-05-06,Pending,N/A,N/A,10:00,90.00,0,Party Room,N/A,Party Room,Facility,customer764@example.com,001-570-7001
58dfd8d4-7276-45d3-a92b-ba983f18c986,a24fed2d-ab85-4ad7-b06e-6848b59b7a4c,Customer 765,Facility,2025-05-04,Pending,N/A,N/A,12:00,45.00,52.58,Party Room,N/A,Party Room,Class,customer765@example.com,001-496-3749
68f0a8c7-a474-4d0e-8264-0a1bad3bcbe8,72996839-c26e-4821-abfd-76664ae0c30a,Customer 779,Facility,2025-06-10,Pending,N/A,N/A,16:00,90.00,261.75,Party Room,N/A,Party Room,Facility,customer779@example.com,001-730-6478
5e640ca0-6b45-499e-bd09-d4cdacf04572,2eaa1daf-d29c-4af1-ac4f-bbbb757e5315,Customer 780,Facility,2025-06-04,Confirmed,N/A,N/A,10:00,120.00,86.3,Party Room,N/A,Party Room,Facility,customer780@example.com,001-329-6743
b5fc04fa-8d26-4550-ae67-a60c7fb6d4be,ab42b98b-3f9f-4726-8550-1112d0929d82,Customer 482,Facility,2025-06-05,Pending,N/A,N/A,Unknown,0.00,115.8,Party Room,N/A,Party Room,Class,customer482@example.com,001-542-5712
c05a5579-8bd4-4096-b78c-45fa9770cd1a,26a8096d-a39c-4322-87c8-3d90e52b9f5b,Customer 884,Facility,2025-04-25,Pending,N/A,N/A,Unknown,0.00,0,Party Room,N/A,Party Room,Facility,customer884@example.com,Not Provided
75526ce1-6515-497f-b8e1-999a19c71592,79e25ad6-a8a6-4678-a462-2be693e04fa5,Customer 940,Facility,2025-04-11,Pending,N/A,N/A,Unknown,0.00,251.6,Play Area,N/A,Play Area,Class,customer940@example.com,001-840-1848
6afff98e-03db-49e5-bb31-6e6cdc48669e,f656c83a-2f2a-4a3b-a598-b185b95ec69f,Customer 906,Facility,2025-03-25,Confirmed,N/A,N/A,Unknown,83.06,92.46,Play Area,N/A,Play Area,Facility,customer906@example.com,001-292-4038
cd5a11a1-cc29-4fb5-a554-80ed5349d3da,873c9eb3-f6e0-43d8-9b33-8f48b4babf58,Customer 912,Facility,2025-04-28,Pending,N/A,N/A,Unknown,0.00,0,Play Area,N/A,Play Area,Facility,customer912@example.com,001-918-1924
3f99d17a-3cd0-4a96-a4b1-5a57b0511a10,719ce466-f456-413a-b003-318a2d701201,Customer 908,Facility,2025-04-22,Confirmed,N/A,N/A,16:00,120.00,159.03,Party Room,N/A,Party Room,Class,customer908@example.com,001-837-5864
c351acab-57dd-4068-99a0-d063b5365df1,8cab78ad-4d23-44a1-be98-3e0322c28c5a,Customer 889,Facility,2025-06-07,Pending,N/A,N/A,16:00,90.00,0,Party Room,N/A,Party Room,Class,customer889@example.com,001-256-5691
24849252-f84b-45a9-986a-26ac8a5f7bff,5bbe2795-a5c1-4cc1-9d99-26cfb64163f3,Customer 897,Facility,2025-04-10,Pending,N/A,N/A,11:00,90.00,123.37,Play Area,N/A,Play Area,Facility,customer897@example.com,001-839-6482
9b133b58-4e25-4eee-ad63-c18f906aeb89,2e3e2a33-56a8-4a42-ab04-99d7805dd489,Customer 898,Facility,2025-06-07,Confirmed,N/A,N/A,09:00,45.00,23.23,Play Area,N/A,Play Area,Facility,customer898@example.com,001-887-5169
979268a3-b605-400e-9ba9-458ca6ad4e96,167d4371-1446-42fb-a2cf-f48fad05be7e,Customer 899,Facility,2025-05-26,Confirmed,N/A,N/A,11:00,90.00,66.53,Play Area,N/A,Play Area,Birthday Party,Not Provided,001-589-8167
ca6acda6-2ae7-4873-842b-3a870a10aebd,7f267d64-bcbe-42ec-bb47-e786ca109ace,Customer 901,Facility,2025-05-04,Pending,N/A,N/A,10:00,45.00,94.83,Party Room,N/A,Party Room,Birthday Party,customer901@example.com,001-169-6150
82b0b50e-f1fe-4b9e-b7b6-75664b24acff,e1efae0a-688f-4991-a3ce-2aaed1636878,Customer 902,Facility,2025-04-11,Confirmed,N/A,N/A,16:00,90.00,254.85,Play Area,N/A,Play Area,Birthday Party,customer902@example.com,001-737-3363
83ed1a03-f385-4381-bf08-9815e6ef1fe7,e96af67c-a237-4286-a040-ed0657c5dedc,Customer 907,Facility,2025-05-18,Pending,N/A,N/A,12:00,90.00,237.49,Play Area,N/A,Play Area,Facility,customer907@example.com,001-504-6037
ab86d962-4308-440d-bbb6-ccb147f4a94f,db41828e-9c5a-4052-be1e-1b472d469ce7,Customer 909,Facility,2025-06-05,Pending,N/A,N/A,11:00,120.00,231.6,Play Area,N/A,Play Area,Facility,customer909@example.com,001-410-2544
00724a41-6d01-40c8-9251-ad5dc6ad1cec,aa18e3aa-c281-4d5f-af9b-cd6f86cb04c3,Customer 911,Facility,2025-05-18,Pending,N/A,N/A,14:00,120.00,78.97,Party Room,N/A,Party Room,Facility,customer911@example.com,001-528-3597
fee3a7a9-5f14-45a5-a7ea-121434ba4765,7539f266-9ab1-47ad-a13d-03eac13ab36f,Customer 914,Facility,2025-06-01,Pending,N/A,N/A,12:00,90.00,199.89,Play Area,N/A,Play Area,Facility,customer914@example.com,001-536-8931
99c722b0-800f-4eb3-81c4-06b6f564cca2,13f117fc-7db0-4a73-966f-910fe8424221,Customer 915,Facility,2025-06-06,Confirmed,N/A,N/A,13:00,90.00,215.15,Party Room,N/A,Party Room,Facility,customer915@example.com,001-866-3166
0c0483ba-f68f-48a8-97bb-ad12906e1c17,dde72731-a1d4-4e89-89ff-e0f0c0b33d29,Customer 917,Facility,2025-06-15,Pending,N/A,N/A,14:00,45.00,268.95,Play Area,N/A,Play Area,Facility,customer917@example.com,001-761-4239
16232ba6-2845-4901-831e-5e518e608ecc,dbda01f5-eee0-49e1-a8b4-51fc7e6e2160,Customer 295,Birthday Party,2025-06-19,Pending,N/A,N/A,09:00,45.00,84.35,Play Area,Sports,Play Area,Class,Not Provided,001-191-5507
f961c6e5-6482-4c67-a991-8cb6eb22731b,940daa82-e1fe-4d49-a873-05a0ae9f7ab4,Customer 969,Birthday Party,2025-04-25,Pending,N/A,N/A,09:00,90.00,179.61,Party Room,Superhero,Party Room,Birthday Party,customer969@example.com,001-190-2582
31628d7e-4822-4baf-8977-3532bd115868,4cfe5d15-7435-4320-836d-a221ab454a82,Customer 990,Birthday Party,2025-06-06,Confirmed,N/A,N/A,15:00,45.00,212.87,Play Area,Princess,Play Area,Facility,customer990@example.com,Not Provided
b9c20893-853f-4f62-91f6-ca09e484cf31,d0486a55-d60f-4fc9-baea-58aaf6a46fb9,Customer 991,Birthday Party,2025-04-17,Confirmed,N/A,N/A,15:00,45.00,231.22,Party Room,No Theme Selected,Party Room,Birthday Party,customer991@example.com,001-784-2638
71e3447e-e932-44d7-82dc-6ba5497ba2eb,d7476353-cf37-4366-baa4-a3d68dac1c8a,Customer 965,Birthday Party,2025-05-31,Confirmed,N/A,N/A,Unknown,83.06,146.34,Party Room,Princess,Party Room,Birthday Party,customer965@example.com,001-786-8435
b45c041f-6199-4a53-8841-1afd696d8c2d,ea4a4b7e-aad1-4ac5-9cb3-3a7c10a38819,Customer 996,Birthday Party,2025-05-04,Confirmed,N/A,N/A,Unknown,83.06,104.83,Party Room,Princess,Party Room,Birthday Party,customer996@example.com,001-522-8955
dbd9c35d-3b16-4f53-9f98-f7ec0e7f4f34,78a3ab0f-48c8-4cea-91ba-5e77befd981f,Customer 926,Birthday Party,2025-04-28,Pending,N/A,N/A,Unknown,0.00,231.95,Play Area,Sports,Play Area,Birthday Party,customer926@example.com,001-730-9031
657d6cc5-fcac-49db-b143-34778adba034,53f6361f-c103-46c7-96a6-88b02a45de89,Customer 933,Birthday Party,2025-06-08,Pending,N/A,N/A,Unknown,0.00,260.95,Play Area,Sports,Play Area,Birthday Party,customer933@example.com,001-735-3622
8bd66fc5-498c-4726-880f-6a2a434c8ec4,98cd6389-aa87-4a41-985a-1c4484c27efd,Customer 936,Birthday Party,2025-05-18,Pending,N/A,N/A,Unknown,0.00,227.32,Play Area,Superhero,Play Area,Birthday Party,customer936@example.com,001-964-5620
457380db-4fe0-4650-a061-1446d122d667,20f77b23-7c02-4784-95ec-4e2fa218aa1e,Customer 923,Birthday Party,2025-03-26,Confirmed,N/A,N/A,14:00,120.00,159.03,Play Area,Sports,Play Area,Class,customer923@example.com,001-913-8377
5100eb92-3c97-42d1-a560-2f8314a8c2db,76cc9376-7d33-459a-9b25-87d15e34c848,Customer 950,Facility,2025-05-12,Confirmed,N/A,N/A,Unknown,83.06,238.3,Party Room,N/A,Party Room,Facility,customer950@example.com,001-459-6634
629096d1-22d4-40e9-9180-e8275e39d059,7f0e5520-b5d3-4734-98da-248e739b131a,Customer 952,Facility,2025-04-20,Confirmed,N/A,N/A,13:00,45.00,159.03,Party Room,N/A,Party Room,Facility,customer952@example.com,001-105-3780
62bb129f-b666-4bc2-b9cf-db5a69656e30,63aff328-3718-4b97-a71d-82bb1dfed3ff,Customer 942,Facility,2025-05-29,Confirmed,N/A,N/A,10:00,45.00,244.43,Play Area,N/A,Play Area,Class,customer942@example.com,Not Provided
c2470c8b-c025-489b-840b-eb7674c85799,72fe61fb-b897-43c9-b01b-fed95efb69b6,Customer 493,Facility,2025-05-16,Confirmed,N/A,N/A,Unknown,83.06,216.72,Party Room,N/A,Party Room,Facility,customer493@example.com,001-873-3598
8ab59070-d04a-41e2-a1a5-8bb8e3d0262d,febdefc4-32f1-4f2c-ab00-105fd5179c9a,Customer 739,Facility,2025-05-31,Confirmed,N/A,N/A,10:00,90.00,280.96,Party Room,N/A,Party Room,Facility,customer739@example.com,001-473-3541
368d25b3-5fe2-46b1-8119-1266f395b06e,7a840dcb-33f6-41ee-8eb7-a2a358cf642b,Customer 943,Facility,2025-03-27,Pending,N/A,N/A,15:00,45.00,222.99,Party Room,N/A,Party Room,Facility,customer943@example.com,001-749-5411
5ac3f6a9-e0ba-4624-b386-54242964e44a,ca2b6e27-0741-473e-b064-279931e92588,Customer 948,Facility,2025-05-01,Pending,N/A,N/A,11:00,45.00,182.74,Play Area,N/A,Play Area,Birthday Party,customer948@example.com,001-260-3742
7689472e-d319-475a-8a55-91d1b862e749,c35ace88-dc8a-40fb-aea3-32b1139262c0,Customer 951,Facility,2025-05-19,Pending,N/A,N/A,13:00,90.00,0,Play Area,N/A,Play Area,Facility,customer951@example.com,001-171-6203
5da6d741-8ada-4566-8444-5e94fb81952d,a2f382d1-4f3c-4151-8a09-1850a30b4b25,Customer 954,Facility,2025-04-10,Pending,N/A,N/A,12:00,120.00,0,Party Room,N/A,Party Room,Facility,customer954@example.com,001-533-8582
c3dc2b53-a440-4c4a-aa73-d3910342bd1d,5777f6be-fa3c-47b4-b4e5-f1424eed8d30,Customer 955,Facility,2025-06-05,Pending,N/A,N/A,17:00,90.00,147.94,Party Room,N/A,Party Room,Facility,customer955@example.com,001-473-1328
d6082ecf-f441-4420-8ea2-03bf2714ad08,b0f5a6e5-96fc-4f93-90e6-029a7a19deb7,Customer 957,Facility,2025-05-31,Pending,N/A,N/A,12:00,120.00,143.65,Play Area,N/A,Play Area,Facility,customer957@example.com,001-766-2802
fb1690f0-480b-4126-acd9-af917b8ba217,2797564f-3d79-46b2-ac5d-9448b616d015,Customer 964,Facility,2025-04-06,Pending,N/A,N/A,13:00,45.00,116.07,Play Area,N/A,Play Area,Facility,customer964@example.com,001-820-8661
4fbb3071-fc11-456e-a81a-f1dd531e4d59,df2ccd02-3615-4248-9d65-604bd17f8498,Customer 967,Facility,2025-04-26,Pending,N/A,N/A,11:00,90.00,45.13,Play Area,N/A,Play Area,Facility,customer967@example.com,001-569-1373
c552c1b5-bb2e-46a5-b5c9-43101cf39133,623b4030-64c5-46ae-935f-fd9c3beea824,Customer 998,Facility,2025-04-04,Confirmed,N/A,N/A,17:00,120.00,172.84,Party Room,N/A,Party Room,Facility,customer998@example.com,001-391-4565
09fb0473-56cc-4624-9c5a-e9cd152acc41,e483e86a-cc2c-4a49-86ef-b7a0c1b6fd7b,Customer 999,Facility,2025-05-11,Pending,N/A,N/A,12:00,120.00,275.18,Party Room,N/A,Party Room,Facility,customer999@example.com,001-668-6307
552b1c51-61e3-4005-a57c-ff953a2c87b7,d8dd6a12-b1a6-4aa9-8b6b-40059cf5ac45,Customer 1000,Facility,2025-05-05,Confirmed,N/A,N/A,16:00,120.00,130.08,Play Area,N/A,Play Area,Facility,customer1000@example.com,001-226-7265
0f97bc2b-074e-4308-b022-3a235dab20d1,205978f1-aef8-46b1-a756-fa709866422c,Customer 35,Class,2025-04-25,Pending,Gymnastics,Lisa Hensley,09:00,45.00,296.42,N/A,N/A,Gymnastics,Class,customer35@example.com,Not Provided
f4a050f1-25d0-4375-82c6-3c8130f57a37,dd56639e-cc16-40de-9e4f-4d2385e7d633,Customer 981,Birthday Party,2025-05-06,Confirmed,N/A,N/A,Unknown,83.06,43.79,Play Area,Sports,Play Area,Birthday Party,customer981@example.com,001-912-7747
db77af08-c5ee-47d2-8faf-d46d2c4a3690,d40e6029-df0b-4363-8e06-c411a7347a92,Customer 40,Class,2025-05-26,Confirmed,Art,Lisa Hensley,15:00,90.00,136.25,N/A,N/A,Art,Class,Not Provided,001-215-7035
a5030331-95a2-4f92-a325-98ee91761171,3334a11b-c786-4dc6-9380-b490c780907b,Customer 988,Facility,2025-05-24,Pending,N/A,N/A,Unknown,0.00,105.4,Play Area,N/A,Play Area,Birthday Party,customer988@example.com,001-107-6105
7eff6be8-8de4-4b46-a0f1-b16d65a0b155,eca79b63-8502-4dd9-b9b8-6f75058d72fe,Customer 883,Birthday Party,2025-04-05,Pending,N/A,N/A,11:00,45.00,78.27,Party Room,Princess,Party Room,Class,Not Provided,001-656-8692
75c5e04f-5c54-4d1c-8913-e72008497171,cd524b61-1e48-45bc-99e9-72afe3290acf,Customer 19,Class,2025-05-29,Confirmed,Dance,Amanda Davis,Unknown,83.06,173.37,N/A,N/A,Dance,Class,customer19@example.com,001-906-9695
9bdfab08-b764-4f66-b295-e61de9f134af,41e8c079-1e43-467a-87dc-ff6b9330695c,Customer 17,Class,2025-03-26,Pending,Gymnastics,Amanda Davis,Unknown,0.00,0,N/A,N/A,Gymnastics,Class,customer17@example.com,001-170-7010
998c97de-af1b-439d-bed9-8f4a4059e006,e6a154c8-809f-49da-9925-a2ab3230249e,Customer 20,Class,2025-03-31,Pending,Gymnastics,Unknown Instructor,Unknown,0.00,0,N/A,N/A,Gymnastics,Facility,customer20@example.com,001-942-4822
35fd1c3d-08eb-4ed1-9bb5-87ec12caba59,2f18c77a-2bb4-471b-a49a-26f62c3643f1,Customer 32,Class,2025-05-30,Pending,Art,Amanda Davis,Unknown,0.00,90.07,N/A,N/A,Art,Class,customer32@example.com,001-119-5447
fdfd580d-ec70-43fe-a3a6-77848410f5e6,6f05bf26-7ee4-4f63-8cd7-d9547ff29ce4,Customer 31,Class,2025-05-19,Confirmed,Art,Amanda Davis,15:00,120.00,159.03,N/A,N/A,Art,Birthday Party,customer31@example.com,001-684-6789
90662fb0-58f0-41ed-b6cf-cedaea6bc8a1,9b2e9482-8e0d-40db-bc83-2da11216509c,Customer 22,Class,2025-05-20,Confirmed,Dance,Lisa Hensley,11:00,45.00,162.42,N/A,N/A,Dance,Class,customer22@example.com,001-182-1792
b15b65c4-2016-41ce-be0a-56b41ebaaf28,4934ba20-a4ef-4e8e-8a05-e4171467bea3,Customer 23,Class,2025-03-30,Pending,Art,James Howard,12:00,120.00,116,N/A,N/A,Art,Class,customer23@example.com,001-645-5445
9640d87f-9fcd-4c2b-b099-7f9f4b037ac8,9d8da602-394d-4e44-9022-304efb4774fd,Customer 26,Class,2025-05-19,Pending,Dance,James Howard,09:00,120.00,74.15,N/A,N/A,Dance,Birthday Party,customer26@example.com,Not Provided
4fe3fc55-bb91-44dc-aef3-11a55c2dce53,a109b309-eee6-4bf1-b314-487febc058ea,Customer 28,Class,2025-04-26,Pending,Dance,Amanda Davis,13:00,120.00,298.54,N/A,N/A,Dance,Class,customer28@example.com,001-720-8174
f822f117-2c8c-4256-8aee-63b58117e355,80bd830d-ef9a-4627-8229-c5a313adef20,Customer 29,Class,2025-04-24,Pending,Art,James Howard,16:00,45.00,276.61,N/A,N/A,Art,Class,customer29@example.com,001-690-9240
b27ccf92-13e1-4ba5-8111-2e00306f0fd7,16c4687f-2b1d-469a-a91c-a870746b594a,Customer 33,Class,2025-05-10,Pending,Art,Amanda Davis,13:00,120.00,225.96,N/A,N/A,Art,Class,customer33@example.com,Not Provided
69e74626-28eb-435a-839a-85c8292b0bda,37adf3a5-63d9-47d5-bd7a-4aaf374579db,Customer 984,Birthday Party,2025-04-30,Pending,N/A,N/A,09:00,90.00,37.31,Play Area,Superhero,Play Area,Facility,customer984@example.com,001-585-5749
c9848fd1-e38c-4f85-acc5-0e03ce0a56a6,c999e371-086b-4bcf-934b-6c1e0c5e4bae,Customer 299,Birthday Party,2025-06-22,Pending,N/A,N/A,14:00,90.00,79.6,Party Room,Superhero,Party Room,Birthday Party,customer299@example.com,001-331-6862
07ad0d39-497e-4d9e-aa76-e8797bd74937,a52d1573-eeff-4bd3-9d55-59697d3be5b7,Customer 300,Birthday Party,2025-04-22,Pending,N/A,N/A,12:00,120.00,237.06,Party Room,No Theme Selected,Party Room,Birthday Party,customer300@example.com,Not Provided
79aadccb-1fd8-4e06-8ccd-e78d205e477c,8418e315-bac8-4c7d-8df3-087b396b8cd1,Customer 301,Birthday Party,2025-05-21,Confirmed,N/A,N/A,16:00,90.00,138.61,Play Area,Superhero,Play Area,Birthday Party,customer301@example.com,001-148-4836
02c41a51-9f3a-43c2-b0be-3b3006d39b57,a6db1315-da91-4054-b187-776af3882909,Customer 122,Class,2025-04-04,Confirmed,Dance,Lisa Hensley,11:00,45.00,176.35,N/A,N/A,Dance,Birthday Party,customer122@example.com,001-397-5353
5d2735ea-ce3d-45c6-862c-2182514f2961,b311a674-5d64-42d2-b168-ed3a8cc71b93,Customer 126,Class,2025-05-22,Pending,Art,Amanda Davis,13:00,90.00,122.05,N/A,N/A,Art,Class,customer126@example.com,001-533-1978
ccd2cfec-8fe9-457a-9f72-3fcebb49f6de,bdde9c40-000c-42b8-bc21-440ae0860d3b,Customer 127,Class,2025-03-31,Pending,Dance,James Howard,11:00,90.00,87.48,N/A,N/A,Dance,Class,customer127@example.com,001-485-2697
5c58b2c9-f40b-4e22-9eed-b6ad90194046,4e90936d-829a-46c6-86b2-f2cfc5287d8d,Customer 66,Facility,2025-06-10,Confirmed,N/A,N/A,16:00,45.00,160.77,Play Area,N/A,Play Area,Facility,customer66@example.com,001-862-2658
26b2d1a6-2bca-4598-b1bf-9f50418a0964,6185fced-f54a-40ad-bdaf-17b8e415a622,Customer 67,Facility,2025-05-31,Confirmed,N/A,N/A,17:00,90.00,138.21,Play Area,N/A,Play Area,Facility,customer67@example.com,Not Provided
6e419798-289d-40f2-abd1-473a5507a476,735a527f-c90d-45e1-9b49-a593efb887f6,Customer 72,Facility,2025-06-12,Pending,N/A,N/A,11:00,45.00,127.86,Play Area,N/A,Play Area,Facility,customer72@example.com,001-707-2188
1f674ce7-382a-4d06-a580-c6c38cb182a5,82c7c275-993d-4b89-b6fc-83737334be67,Customer 73,Facility,2025-05-22,Confirmed,N/A,N/A,09:00,45.00,299.76,Party Room,N/A,Party Room,Facility,customer73@example.com,001-498-2269
449b6a66-39ff-4f71-9536-0b3c51a5073f,29345ac3-47a8-4cb6-a6a5-adf1eec88421,Customer 80,Facility,2025-03-27,Confirmed,N/A,N/A,11:00,120.00,36.74,Party Room,N/A,Party Room,Class,customer80@example.com,001-881-6040
fdb454b8-5ef9-44b6-a978-98931c604452,1a110b4c-0eb7-4efc-ad53-8be905d5bf53,Customer 84,Facility,2025-03-29,Confirmed,N/A,N/A,16:00,45.00,298.04,Play Area,N/A,Play Area,Birthday Party,Not Provided,Not Provided
86fb3238-c223-4455-976b-181db3c2a0aa,8ec2cd03-9134-48ba-9389-b65b002fb303,Customer 86,Facility,2025-06-11,Pending,N/A,N/A,10:00,120.00,0,Play Area,N/A,Play Area,Class,customer86@example.com,001-158-4655
fc63e600-3eec-4f6b-8f1e-a3251986c4c7,0260abca-3782-46c0-8a14-e7a6d9ce991b,Customer 120,Birthday Party,2025-06-20,Pending,N/A,N/A,13:00,45.00,166.99,Play Area,Superhero,Play Area,Birthday Party,customer120@example.com,001-497-4687
0771263d-55b6-400c-a956-997e23680196,19fe127b-ba93-4952-a22f-d2aa2a4d5a18,Customer 124,Birthday Party,2025-06-05,Pending,N/A,N/A,15:00,90.00,244.52,Party Room,Sports,Party Room,Class,customer124@example.com,001-165-5448
8e46c579-3563-4e5c-a43a-47d6129e84ae,0913efaa-2301-49c8-bddb-5690133d12bd,Customer 125,Birthday Party,2025-06-17,Pending,N/A,N/A,13:00,45.00,78.85,Party Room,Superhero,Party Room,Facility,customer125@example.com,001-547-4746
c8248dea-acf1-4a2c-9e50-3c5783250e76,8f226761-2086-4f08-99c5-fa593bb101ac,Customer 132,Birthday Party,2025-04-19,Pending,N/A,N/A,12:00,90.00,190.31,Party Room,Sports,Party Room,Class,customer132@example.com,Not Provided
76845032-39fe-48a7-bedb-ba445bbd727e,1aa0dc16-bbe3-4e54-adb6-7b47f0c79d44,Customer 178,Birthday Party,2025-05-03,Pending,N/A,N/A,14:00,120.00,266.54,Play Area,Princess,Play Area,Facility,customer178@example.com,001-784-8654
c8074dba-9576-4786-8d8f-7ef8b04046a0,3ad3be21-d8b2-4a2f-acdb-81d1385d4913,Customer 394,Class,2025-04-07,Pending,Art,James Howard,14:00,90.00,219.38,N/A,N/A,Art,Class,Not Provided,001-567-9405
1bf04956-a555-4bc2-bf78-893a87a064ed,e6e58854-b57e-480a-ba2d-b8602e74c06f,Customer 175,Facility,2025-05-17,Confirmed,N/A,N/A,14:00,45.00,96.69,Party Room,N/A,Party Room,Facility,customer175@example.com,001-444-2617
7da2fa2f-4324-4f7f-b7a0-3e5de410b90f,68b0f8aa-1ac7-409a-b333-242962a7fcb7,Customer 183,Facility,2025-06-10,Pending,N/A,N/A,13:00,90.00,182.1,Party Room,N/A,Party Room,Facility,Not Provided,001-897-5723
75fe716e-8cc8-484c-9baa-a6c0958cc9e7,defced83-06ff-4ba8-aad2-bec878941ac4,Customer 187,Facility,2025-03-28,Pending,N/A,N/A,14:00,90.00,47.02,Play Area,N/A,Play Area,Facility,customer187@example.com,001-600-9861
fd47cc5b-9997-46c6-91d8-dba33b23db96,113e8d2f-b4a1-4c09-a918-722eb6ed501a,Customer 195,Facility,2025-04-18,Pending,N/A,N/A,09:00,90.00,126.05,Party Room,N/A,Party Room,Facility,customer195@example.com,001-732-8971
dc20c219-1aa0-4af5-a861-94d89ab4273e,522e172f-81b7-4c4d-b1df-2ee506a542b9,Customer 450,Class,2025-05-16,Pending,Art,James Howard,17:00,120.00,218.14,N/A,N/A,Art,Facility,customer450@example.com,001-998-7020
4717a7fb-6d68-4fe5-9c89-f22a74eef62f,c1d86f92-32d8-4fc5-af29-302ac3c3a00e,Customer 452,Class,2025-04-05,Confirmed,Dance,James Howard,17:00,120.00,238.6,N/A,N/A,Dance,Class,customer452@example.com,001-858-9519
6deb02e5-f01c-416e-a057-e8e7685dab0f,47d7fe5d-99dc-4905-adce-c6579d04ed99,Customer 457,Class,2025-04-07,Pending,Dance,Amanda Davis,13:00,45.00,0,N/A,N/A,Dance,Class,customer457@example.com,001-612-4609
05c36688-4989-43de-b3a2-856324b8e44e,692a5364-37e5-400c-af35-fb63a6d0d29d,Customer 224,Facility,2025-06-10,Confirmed,N/A,N/A,17:00,45.00,253.63,Play Area,N/A,Play Area,Facility,customer224@example.com,001-500-6945
d7db6d89-7020-48c4-bbfe-c69d055e2d33,222c8f2f-fdb5-4163-8757-363f81a81e78,Customer 226,Facility,2025-04-22,Pending,N/A,N/A,14:00,45.00,87.29,Play Area,N/A,Play Area,Class,customer226@example.com,001-800-7947
053d4143-233f-4a2c-a082-a42e27f9b4d7,64f02921-9a7b-4615-b4fb-a6bbf9eb5d17,Customer 548,Class,2025-04-17,Pending,Dance,Unknown Instructor,14:00,45.00,33.24,N/A,N/A,Dance,Class,customer548@example.com,001-549-6075
3a617ddc-6512-44a5-a261-eb59d15377ab,802a9f6b-2f0b-4851-b80d-2deb2316d129,Customer 262,Facility,2025-06-16,Pending,N/A,N/A,16:00,120.00,267.21,Party Room,N/A,Party Room,Class,customer262@example.com,001-614-5671
ccb593f2-a6fd-46ae-bbcf-697cafb1d370,71c7d548-c189-49f8-8108-0833f42853b2,Customer 265,Facility,2025-06-07,Confirmed,N/A,N/A,11:00,45.00,287.54,Party Room,N/A,Party Room,Facility,customer265@example.com,001-260-8236
5d8bc585-87b8-43f2-88bf-25ed9409256f,9a383f34-b02b-4115-8068-ab0ac04bcf53,Customer 268,Facility,2025-03-30,Pending,N/A,N/A,13:00,45.00,103.89,Party Room,N/A,Party Room,Facility,customer268@example.com,001-850-7891
f2468bd0-af5f-4eff-889d-932a3d61b9e8,eccaca7a-4d23-4eb5-b824-8204d7a6b63e,Customer 271,Facility,2025-05-10,Pending,N/A,N/A,14:00,120.00,53.1,Play Area,N/A,Play Area,Facility,customer271@example.com,001-918-4694
13458c7f-d7bb-4114-a3ee-152f19551787,f02ba4bd-8046-4b32-ba29-25125e902a74,Customer 314,Facility,2025-05-21,Confirmed,N/A,N/A,09:00,45.00,253.5,Party Room,N/A,Party Room,Facility,Not Provided,001-359-4506
33991b9c-0144-4f13-ad5f-388e05e19bb1,4d2c24a9-e1fb-4fef-bcbb-67ffead9c273,Customer 315,Facility,2025-05-28,Confirmed,N/A,N/A,15:00,120.00,272.8,Party Room,N/A,Party Room,Facility,customer315@example.com,001-752-6240
f2ce0c82-af64-4ac0-9f29-4ff7a09f7023,e8a199ad-da8d-4c3c-b5bf-44bc9337ad15,Customer 317,Facility,2025-04-11,Confirmed,N/A,N/A,11:00,45.00,52.03,Party Room,N/A,Party Room,Facility,customer317@example.com,001-248-5659
e8eb0d20-860d-4bae-aaca-598541b49e78,7724b98d-8b59-4715-870a-f810b3e33d23,Customer 322,Facility,2025-04-27,Confirmed,N/A,N/A,12:00,90.00,91.99,Party Room,N/A,Party Room,Facility,customer322@example.com,001-334-6263
36e70ecd-6d30-43fe-ab61-90d56a9912e2,03db1cc8-22ba-45e8-be18-8fa5197b87e5,Customer 368,Facility,2025-04-28,Confirmed,N/A,N/A,11:00,45.00,281.23,Play Area,N/A,Play Area,Class,customer368@example.com,001-644-6928
b79506a8-cfd6-419d-8d01-8c94551ea10e,dc8ffa27-1156-4dbd-b91e-cac41e3054c2,Customer 369,Facility,2025-06-01,Confirmed,N/A,N/A,09:00,45.00,130.9,Party Room,N/A,Party Room,Facility,customer369@example.com,001-954-5375
7f94a9bd-583d-4b1a-9cd2-c32bf726bbe6,3b478aa2-81ae-4ccf-8a30-3ec4d7f76c2b,Customer 372,Facility,2025-05-14,Confirmed,N/A,N/A,17:00,45.00,43.4,Party Room,N/A,Party Room,Facility,customer372@example.com,001-944-6202
21fcb768-a0c7-45dd-ab31-5452e8276c0a,4651e15b-97d5-4f1d-908c-bd2aa92ba704,Customer 373,Facility,2025-05-28,Pending,N/A,N/A,09:00,45.00,0,Party Room,N/A,Party Room,Facility,customer373@example.com,001-564-5510
79ade993-e4b5-4a35-ba3d-f69ebdfae183,6f42652d-84cd-49d7-bb5e-e04542d4ed8d,Customer 375,Facility,2025-05-07,Pending,N/A,N/A,09:00,90.00,95.01,Play Area,N/A,Play Area,Facility,customer375@example.com,001-575-2472
016326e2-8dbf-47e7-a23b-3757a977fc36,75325663-5fd2-4bfb-be52-65c39b33f658,Customer 378,Facility,2025-06-02,Pending,N/A,N/A,12:00,45.00,63.09,Party Room,N/A,Party Room,Birthday Party,customer378@example.com,001-741-8513
b98cdaff-0302-4f96-8545-064d734d1fea,a3a5033f-6738-485f-bbdd-139924582880,Customer 648,Birthday Party,2025-04-14,Confirmed,N/A,N/A,15:00,45.00,136.07,Play Area,Superhero,Play Area,Birthday Party,customer648@example.com,001-353-7429
2ee33f69-95a8-4535-8a58-80245a1292ff,9d0716cd-d73d-49d1-bd7f-290dacd38633,Customer 653,Birthday Party,2025-04-24,Pending,N/A,N/A,10:00,45.00,290.84,Play Area,Princess,Play Area,Birthday Party,customer653@example.com,001-213-9744
c82c49b1-8561-48b4-a151-de3e10b97c24,5cb389f9-cf81-4012-8b3f-d7e98aa0609a,Customer 422,Birthday Party,2025-03-30,Confirmed,N/A,N/A,15:00,90.00,282.11,Party Room,Princess,Party Room,Facility,Not Provided,Not Provided
567539bb-c1a8-4f8e-8308-cc16a8b1d252,2def08c9-53be-4e04-b8ca-fff9a69c9db7,Customer 428,Birthday Party,2025-04-01,Pending,N/A,N/A,11:00,90.00,233.04,Party Room,Superhero,Party Room,Birthday Party,Not Provided,001-735-4741
8ddd97ff-ff63-4b89-ac17-407f6a00a26a,d51537f2-46eb-4783-b752-965db456ccd0,Customer 861,Class,2025-03-29,Pending,Art,Unknown Instructor,15:00,120.00,121.32,N/A,N/A,Art,Class,customer861@example.com,001-790-7439
5655dc5b-1891-4a25-92d4-088d7ebba7c8,da94af61-525f-4a83-9f56-066da59816e4,Customer 433,Birthday Party,2025-05-23,Pending,N/A,N/A,12:00,45.00,127.24,Party Room,Sports,Party Room,Facility,customer433@example.com,001-483-4926
51fbe915-e527-4d17-ab61-e7ea64dc1313,40f7e848-cdb3-4d67-a7b3-60415bf99e46,Customer 461,Birthday Party,2025-06-22,Pending,N/A,N/A,11:00,120.00,0,Party Room,No Theme Selected,Party Room,Birthday Party,customer461@example.com,001-947-3570
0ead8b67-ffa7-40e2-a410-b60cf0960fc2,181f9581-09d7-417d-81f7-baab9fb9d3c2,Customer 467,Birthday Party,2025-05-19,Pending,N/A,N/A,12:00,90.00,293.68,Play Area,Princess,Play Area,Birthday Party,customer467@example.com,001-202-7418
2bc1052e-79b4-44fa-93d7-a82c77336649,c27faaf5-5e88-4fc3-b395-0833d501919f,Customer 474,Birthday Party,2025-05-24,Confirmed,N/A,N/A,10:00,90.00,128.83,Party Room,Princess,Party Room,Birthday Party,customer474@example.com,001-597-3443
890e7b25-9e5b-4c2f-9e64-53d0078a52bb,7e1417d1-581a-4624-8856-b39daadc72c4,Customer 970,Class,2025-04-04,Confirmed,Art,Amanda Davis,12:00,90.00,178.74,N/A,N/A,Art,Facility,customer970@example.com,001-678-7305
860abd77-305a-4e15-bf62-25225acf9167,b06638e1-ef65-4096-aa8b-93935a8d89d1,Customer 476,Birthday Party,2025-05-18,Pending,N/A,N/A,15:00,45.00,0,Play Area,Sports,Play Area,Birthday Party,customer476@example.com,001-411-8680
8ab10f04-9675-4e74-b101-df2b62814747,075fca20-cc25-4810-9188-808653d3baf4,Customer 517,Birthday Party,2025-04-28,Pending,N/A,N/A,13:00,120.00,179.4,Party Room,Princess,Party Room,Class,customer517@example.com,001-303-5449
0f2d6f76-5739-4006-8040-be7545fb7a5e,b055d663-d381-490e-9dbc-e2234d972b0f,Customer 519,Birthday Party,2025-04-09,Confirmed,N/A,N/A,15:00,45.00,133.33,Party Room,Superhero,Party Room,Birthday Party,Not Provided,001-978-6704
62558446-3d0e-4ca5-a2d6-ebd90a239413,9912c38f-eecd-462f-a6eb-d4e4eb3af14a,Customer 521,Birthday Party,2025-05-20,Pending,N/A,N/A,14:00,45.00,299.29,Play Area,Princess,Play Area,Birthday Party,customer521@example.com,001-465-4410
d157f764-dcce-4222-8706-54bc417a4f42,100a8043-6dfb-4f96-a7b2-1fb1e00dae22,Customer 531,Birthday Party,2025-05-08,Pending,N/A,N/A,12:00,90.00,53.03,Play Area,Princess,Play Area,Birthday Party,Not Provided,001-289-3328
31578e70-a470-4c7d-ac9c-f2415fdcb660,46fddb4d-6dcf-4974-aefa-32eddc5664ee,Customer 564,Birthday Party,2025-04-07,Confirmed,N/A,N/A,13:00,90.00,49.04,Party Room,Sports,Party Room,Class,customer564@example.com,001-579-9838
7ef7acf7-3696-494d-aac6-699513a42bf9,1be2d2fc-41b3-490e-b153-cef4034e6f4a,Customer 635,Birthday Party,2025-05-13,Pending,N/A,N/A,16:00,90.00,61.95,Play Area,Superhero,Play Area,Class,customer635@example.com,001-770-6358
b3719d26-9233-4a36-b805-4baaf7f1ab8a,1b730079-2e8b-4514-af3c-ffb5e40295a2,Customer 668,Birthday Party,2025-05-17,Confirmed,N/A,N/A,16:00,90.00,61.07,Party Room,No Theme Selected,Party Room,Facility,customer668@example.com,001-912-2783
9d635df1-848e-4180-967c-b77f6ca84a4b,4fd01d58-934a-4971-8f93-475b60582544,Customer 672,Birthday Party,2025-06-02,Pending,N/A,N/A,17:00,120.00,83.05,Play Area,Superhero,Play Area,Birthday Party,customer672@example.com,001-690-3851
ae6b48da-c2a8-4c6e-aaac-b355715760b1,d312c893-6a94-40ec-aa54-a270c62313b5,Customer 682,Birthday Party,2025-04-28,Confirmed,N/A,N/A,16:00,45.00,236.16,Party Room,No Theme Selected,Party Room,Birthday Party,customer682@example.com,001-815-2173
3579fc34-f13b-44cf-8d5b-f08e04a9d7bf,39f3f960-ef69-44dc-ac5b-3aa548845dfb,Customer 790,Birthday Party,2025-05-06,Pending,N/A,N/A,11:00,90.00,48.62,Play Area,Superhero,Play Area,Facility,customer790@example.com,Not Provided
9c980531-08f6-41a2-bdfa-69480e181f72,573532e2-8567-4023-9671-c27b03c9a1be,Customer 795,Birthday Party,2025-06-11,Pending,N/A,N/A,09:00,45.00,146.17,Play Area,No Theme Selected,Play Area,Birthday Party,customer795@example.com,Not Provided
bc28cb16-82c9-407e-9731-21449e564f1f,fefe4265-fc12-4ef9-b45a-07bd6c3aec37,Customer 798,Birthday Party,2025-04-21,Confirmed,N/A,N/A,16:00,90.00,57.85,Party Room,Superhero,Party Room,Birthday Party,customer798@example.com,001-395-3070
36aaa895-df7f-4189-a2f9-e63d8b97ae80,54a600f1-e92c-4660-b1d2-a7f793fe821c,Customer 799,Birthday Party,2025-05-25,Pending,N/A,N/A,14:00,120.00,283.64,Party Room,Princess,Party Room,Birthday Party,customer799@example.com,001-927-3845
a2a79a35-c02e-47bb-97a2-a7a5785f5217,7ab7e964-8aab-47a7-9efd-fbedac1757ea,Customer 896,Birthday Party,2025-04-10,Pending,N/A,N/A,14:00,90.00,0,Play Area,Princess,Play Area,Birthday Party,customer896@example.com,001-449-3235
ebf91c63-613a-424b-94b9-d7987309f683,fb7bbcfe-17e5-474a-9a40-0888ff12ebe0,Customer 900,Birthday Party,2025-04-04,Confirmed,N/A,N/A,17:00,45.00,68.46,Play Area,Princess,Play Area,Birthday Party,customer900@example.com,001-111-1069
b08b37c4-42ab-4c69-bf06-86073e33a0be,26e34574-16dd-4dd0-83f4-feee96306105,Customer 904,Birthday Party,2025-05-05,Pending,N/A,N/A,13:00,120.00,287.39,Play Area,Superhero,Play Area,Class,customer904@example.com,001-969-7291
97e6dd34-da5e-4aed-95c8-00e9b3f09ae5,622cb393-a74a-412a-ba59-c94aba861e6b,Customer 905,Birthday Party,2025-04-13,Pending,N/A,N/A,16:00,120.00,159.42,Party Room,Princess,Party Room,Birthday Party,Not Provided,001-484-7963
45ccdc38-d9e2-48b6-a7d4-7bb19250d6a2,4ec8b330-3ce2-425e-a00c-e93f1cd2cc8a,Customer 919,Birthday Party,2025-04-14,Confirmed,N/A,N/A,10:00,45.00,262.54,Party Room,Sports,Party Room,Birthday Party,customer919@example.com,001-143-5974
0c00844c-bb59-47b5-993d-b6810eb475c8,adac8faf-34ea-4470-bd0a-7c674c8b4681,Customer 920,Birthday Party,2025-05-28,Pending,N/A,N/A,11:00,120.00,100.97,Party Room,No Theme Selected,Party Room,Birthday Party,customer920@example.com,001-660-1965
d9ad5a06-13a7-407e-b353-0989f44a1b55,8c09089a-0493-4dfb-9e79-c394e63104af,Customer 921,Birthday Party,2025-04-19,Pending,N/A,N/A,15:00,90.00,288.29,Play Area,Princess,Play Area,Birthday Party,customer921@example.com,Not Provided
a51c6272-d3ea-434d-a085-796cf88a5622,62ab8477-8464-45cf-bbf3-2f5aaf370427,Customer 924,Birthday Party,2025-04-03,Pending,N/A,N/A,14:00,120.00,220.88,Play Area,Princess,Play Area,Birthday Party,customer924@example.com,001-218-5226
4492dfda-0b87-4e81-9ea3-9b4cec3fe0a7,744f93d9-52dd-4396-9fcd-1829e0f922fa,Customer 939,Birthday Party,2025-06-15,Pending,N/A,N/A,12:00,45.00,150.6,Party Room,Sports,Party Room,Birthday Party,customer939@example.com,001-612-3066
86718255-8977-4172-a638-ea62a699115b,065ab429-1568-4114-8fee-18edb305b526,Customer 960,Birthday Party,2025-04-28,Pending,N/A,N/A,14:00,120.00,206.71,Party Room,Superhero,Party Room,Facility,customer960@example.com,001-655-9669
e60c2c2a-d13a-4cba-a5c8-2b59b516cd45,4768a099-24d3-4068-9e35-33201929271b,Customer 963,Birthday Party,2025-05-18,Pending,N/A,N/A,09:00,45.00,145.36,Play Area,Superhero,Play Area,Birthday Party,customer963@example.com,001-570-3052
